관리기관명,소재지도로명주소,소재지지번주소,설치목적구분,카메라대수,카메라화소수,촬영방면정보,보관일수,설치년월,관리기관전화번호,위도,경도,데이터기준일자
경기도 시흥시청,경기도 시흥시 수인로2421번길 26,경기도 시흥시 논곡동  227-2,어린이보호,1,200,360도 전방면,30,2017-03,031-310-3702,37.3926091,126.8552644,2017-01-01
경기도 시흥시청,경기도 시흥시 봉우순환로 117-7,경기도 시흥시 정왕본동 2245-3,어린이보호,1,130,360도 전방면,30,2017-03,031-310-3702,37.3572234,126.7518854,2017-01-01
경기도 시흥시청,경기도 시흥시 수인로2793번길 6,경기도 시흥시 도창동 118,어린이보호,1,200,360도 전방면,30,2017-03,031-310-3702,37.4067205,126.8237922,2017-01-01
경기도 시흥시청,,경기도 시흥시 도창동 98-4,어린이보호,1,200,360도 전방면,30,2017-03,031-310-3702,37.4099708,126.8222935,2017-01-01
경기도 시흥시청,경기도 시흥시 매화1로 62,경기도 시흥시 매화동 303-1,어린이보호,1,130,360도 전방면,30,2017-03,031-310-3702,37.4161839,126.8084633,2017-01-01
경기도 시흥시청,경기도 시흥시 매화1로 42,경기도 시흥시 매화동  332-7,어린이보호,1,200,360도 전방면,30,2017-03,031-310-3702,37.4151868,126.8103298,2017-01-01
경기도 시흥시청,경기도 시흥시 매화1로 5,경기도 시흥시 매화동 250-1,어린이보호,1,200,360도 전방면,30,2017-03,031-310-3702,37.415247,126.814159,2017-01-01
경기도 시흥시청,경기도 시흥시 능곡중앙로 22,경기도 시흥시 능곡동 797,어린이보호,1,130,360도 전방면,30,2017-01,031-310-3702,37.3653376,126.8125795,2017-01-01
경기도 시흥시청,경기도 시흥시 대골안길 23-1,경기도 시흥시 대야동 456-3,쓰레기단속,1,41,쓰레기투기지역,7,2017-01,031-310-2683,37.4472355,126.7893524,2017-01-01
경기도 시흥시청,경기도 시흥시 마유로238번길 33,경기도 시흥시 정왕1동 1278-7,어린이보호,1,200,360도 전방면,30,2017-03,031-310-3702,37.337033,126.7320584,2017-01-01
경기도 시흥시청,경기도 시흥시 대골길 34,경기도 시흥시 대야동 451-9,어린이보호,1,200,360도 전방면,30,2017-03,031-310-3702,37.4480991,126.7886267,2017-01-01
경기도 시흥시청,경기도 시흥시 수인로2431번길 15,경기도 시흥시 논곡동 270-3,어린이보호,1,200,360도 전방면,30,2017-03,031-310-3702,37.3947712,126.8550118,2017-01-01
경기도 시흥시청,,경기도 시흥시 신천동 60-5,어린이보호,1,200,360도 전방면,30,2017-03,031-310-3702,37.4347412,126.7858287,2017-01-01
경기도 시흥시청,경기도 시흥시 호현로49번길 30,경기도 시흥시 신천동 719-13,쓰레기단속,1,41,쓰레기투기지역,7,2017-01,031-310-2683,37.443933,126.7818245,2017-01-01
경기도 시흥시청,경기도 시흥시 삼미시장2길 13,경기도 시흥시 신천동 743-1,쓰레기단속,1,41,쓰레기투기지역,7,2017-01,031-310-2683,37.4410764,126.7816295,2017-01-01
경기도 시흥시청,경기도 시흥시 승지로 110,경기도 시흥시 능곡동 550,어린이보호,1,130,360도 전방면,30,2017-01,031-310-3702,37.3725006,126.8125162,2017-01-01
경기도 시흥시청,경기도 시흥시 수인로3325번길 47-4,경기도 시흥시 신천동 868,쓰레기단속,1,41,쓰레기투기지역,7,2017-01,031-310-2683,37.4350188,126.7898504,2017-01-01
경기도 시흥시청,경기도 시흥시 복지로53번길 9,경기도 시흥시 대야동 488-6,쓰레기단속,1,41,쓰레기투기지역,7,2017-01,031-310-2683,37.4444046,126.7884112,2017-01-01
경기도 시흥시청,경기도 시흥시 호현로103번길 13,경기도 시흥시 대야동 461-11,쓰레기단속,1,41,쓰레기투기지역,7,2017-01,031-310-2683,37.4476818,126.7870457,2017-01-01
경기도 시흥시청,경기도 시흥시 시청로72번길 13,경기도 시흥시 장현동 535-4,어린이보호,1,200,360도 전방면,30,2017-03,031-310-3702,37.3814999,126.8005815,2017-01-01
경기도 시흥시청,,경기도 시흥시 논곡동  산 28,어린이보호,1,200,360도 전방면,30,2017-03,031-310-3702,37.387135,126.858595,2017-01-01
경기도 시흥시청,경기도 시흥시 시청로 78,경기도 시흥시 장현동 538-1,어린이보호,1,200,360도 전방면,30,2017-03,031-310-3702,37.3811371,126.7991937,2017-01-01
경기도 시흥시청,,경기도 시흥시 정왕본동 2253,어린이보호,1,200,360도 전방면,30,2017-03,031-310-3702,37.357831,126.7532492,2017-01-01
경기도 시흥시청,,경기도 시흥시 정왕본동 1825-2,기타,3,130,360도 전방면,30,2017-12,031-310-3702,37.348387,126.7446692,2017-01-01
경기도 시흥시청,경기도 시흥시 장곡로70번길 12,경기도 시흥시 장곡동 797,어린이보호,1,200,360도 전방면,30,2017-03,031-310-3702,37.3811057,126.7816929,2017-01-01
경기도 시흥시청,경기도 시흥시 장곡로70번길 7-3,경기도 시흥시 장곡동 801-2,어린이보호,1,200,360도 전방면,30,2017-03,031-310-3702,37.3800766,126.7806571,2017-01-01
경기도 시흥시청,,경기도 시흥시 논곡동  산35-8,어린이보호,1,130,360도 전방면,30,2017-03,031-310-3702,37.387641,126.858763,2017-01-01
경기도 시흥시청,경기도 시흥시 대은로103번길 24,경기도 시흥시 대야동 584,어린이보호,1,200,360도 전방면,30,2017-03,031-310-3702,37.4473225,126.7977939,2017-01-01
경기도 시흥시청,,경기도 시흥시 대야동 88-1,교통정보수집,2,130,고정촬영,30,2017-10,031-310-3702,37.4554318,126.7878259,2017-01-01
경기도 시흥시청,,경기도 시흥시 군자동 산 44-9,교통정보수집,1,130,고정촬영,30,2017-10,031-310-3702,37.354473,126.802471,2017-01-01
경기도 시흥시청,,경기도 시흥시 목감동 27-2,교통정보수집,2,130,고정촬영,30,2017-10,031-310-3702,37.4008549,126.8718164,2017-01-01
경기도 시흥시청,,경기도 시흥시 신천동 177-5,교통정보수집,1,130,고정촬영,30,2017-10,031-310-3702,37.4321024,126.7864352,2017-01-01
경기도 시흥시청,,경기도 시흥시 계수동 83-1,교통정보수집,1,130,고정촬영,30,2017-10,031-310-3702,37.4584316,126.8138809,2017-01-01
경기도 시흥시청,경기도 시흥시 금화로 201,경기도 시흥시 산현동 산 57-11,교통정보수집,1,130,고정촬영,30,2017-10,031-310-3702,37.3647239,126.8294911,2017-01-01
경기도 시흥시청,경기도 시흥시 공단3대로 345,경기도 시흥시 정왕동 2206-14,교통정보수집,1,130,고정촬영,30,2017-10,031-310-3702,37.3154783,126.7232801,2017-01-01
경기도 시흥시청,경기도 시흥시 공단1대로 341,경기도 시흥시 정왕동 1289-6,교통정보수집,2,130,고정촬영,30,2017-10,031-310-3702,37.3308109,126.7377563,2017-01-01
경기도 시흥시청,경기도 시흥시 공단2대로 336,경기도 시흥시 정왕동 2192-3,교통정보수집,2,130,고정촬영,30,2017-10,031-310-3702,37.3193405,126.7257816,2017-01-01
경기도 시흥시청,경기도 시흥시 나분들길 78,경기도 시흥시 광석동 115-1,생활방범,3,200,360도 전방면,30,2017-03,031-310-3702,37.3851891,126.8196542,2017-01-01
경기도 시흥시청,경기도 시흥시 시흥대로1065번길 24-6,경기도 시흥시 신천동  875-21,생활방범,3,200,360도 전방면,30,2017-10,031-310-3702,37.4315504,126.7901088,2017-01-01
경기도 시흥시청,경기도 시흥시 큰솔로12번안길 24-13,경기도 시흥시 정왕1동  1406-1,생활방범,4,200,360도 전방면,30,2017-10,031-310-3702,37.3406111,126.7530015,2017-01-01
경기도 시흥시청,경기도 시흥시 수인로3325번길 35-2,경기도 시흥시 신천동  859-1,생활방범,3,200,360도 전방면,30,2017-10,031-310-3702,37.4355484,126.7887755,2017-01-01
경기도 시흥시청,경기도 시흥시 정왕시장길 35-1,경기도 시흥시 정왕1동 1583,생활방범,3,200,360도 전방면,30,2017-10,031-310-3702,37.3442207,126.7471663,2017-01-01
경기도 시흥시청,경기도 시흥시 큰솔로 67-8,경기도 시흥시 정왕본동 1512,기타,3,200,360도 전방면,30,2017-10,031-310-3702,37.3437487,126.7539955,2017-01-01
경기도 시흥시청,,경기도 시흥시 정왕본동 211,생활방범,3,200,360도 전방면,30,2017-06,031-310-3702,37.3647461,126.7557775,2017-01-01
경기도 시흥시청,경기도 시흥시 역전로 369,경기도 시흥시 정왕2동 1872-3,어린이보호,1,200,360도 전방면,30,2017-03,031-310-3702,37.3576094,126.7347838,2017-01-01
경기도 시흥시청,경기도 시흥시 호현로63번길 10-7,경기도 시흥시 대야동 479-7,어린이보호,1,200,360도 전방면,30,2017-03,031-310-3702,37.4467692,126.7856584,2017-01-01
경기도 시흥시청,경기도 시흥시 포도원로 88,경기도 시흥시 신천동 203,어린이보호,1,130,360도 전방면,30,2017-03,031-310-3702,37.434881,126.7829358,2017-01-01
경기도 시흥시청,경기도 시흥시 나분들길 44,경기도 시흥시 광석동  96-1,어린이보호,1,130,360도 전방면,30,2017-03,031-310-3702,37.3875571,126.8185983,2017-01-01
경기도 시흥시청,,경기도 시흥시 산현동 312-2,생활방범,3,200,360도 전방면,30,2017-10,031-310-3702,37.3752252,126.8326056,2017-01-01
경기도 시흥시청,경기도 시흥시 군자로477번안길 10-10,경기도 시흥시 거모동  1722-1,생활방범,3,200,360도 전방면,30,2017-10,031-310-3702,37.348611,126.7837746,2017-01-01
경기도 시흥시청,경기도 시흥시 대골안길 58,경기도 시흥시 대야동  487-11,생활방범,3,200,360도 전방면,30,2017-10,031-310-3702,37.4446553,126.7875517,2017-01-01
경기도 시흥시청,경기도 시흥시 군자로466번길 7,경기도 시흥시 거모동  1730-15,생활방범,3,200,360도 전방면,30,2017-10,031-310-3702,37.3471379,126.7818828,2017-01-01
경기도 시흥시청,경기도 시흥시 군자로533번길 11-15,경기도 시흥시 거모동  1758-1,생활방범,3,200,360도 전방면,30,2017-10,031-310-3702,37.3448658,126.785941,2017-01-01
경기도 시흥시청,경기도 시흥시 대야로3번길 7-1,경기도 시흥시 대야동  489-1,생활방범,3,200,360도 전방면,30,2017-10,031-310-3702,37.4440431,126.7877681,2017-01-01
경기도 시흥시청,경기도 시흥시 호현로 24,경기도 시흥시 신천동 707-72,생활방범,1,200,360도 전방면,30,2017-06,031-310-3702,37.4423528,126.7848575,2017-01-01
경기도 시흥시청,경기도 시흥시 정왕시장길 51,경기도 시흥시 정왕본동 1203,생활방범,1,41,360도 전방면,30,2017-06,031-310-3702,37.3457193,126.7485042,2017-01-01
경기도 시흥시청,,경기도 시흥시 신천동 595-45,생활방범,1,200,360도 전방면,30,2017-06,031-310-3702,37.4429319,126.7719171,2017-01-01
경기도 시흥시청,경기도 시흥시 문화마을로6번길 1,경기도 시흥시 신천동 723-16,생활방범,1,200,360도 전방면,30,2017-06,031-310-3702,37.4428209,126.7797711,2017-01-01
경기도 시흥시청,,경기도 시흥시 신천동 850-10,생활방범,1,200,360도 전방면,30,2017-06,031-310-3702,37.4356336,126.7860521,2017-01-01
경기도 시흥시청,경기도 시흥시 정왕천로375번길 52-1,경기도 시흥시 정왕1동 1571-3,생활방범,1,41,360도 전방면,30,2017-06,031-310-3702,37.3444985,126.7464431,2017-01-01
경기도 시흥시청,,경기도 시흥시 포동 13-3,생활방범,1,200,360도 전방면,30,2017-06,031-310-3702,37.4073275,126.7830502,2017-01-01
경기도 시흥시청,,경기도 시흥시 정왕4동 1877-3,어린이보호,1,200,360도 전방면,30,2017-03,031-310-3702,37.3632245,126.7355878,2017-01-01
경기도 시흥시청,경기도 시흥시 군자로465번길 7,경기도 시흥시 거모동 1379,어린이보호,1,130,360도 전방면,30,2017-03,031-310-3702,37.3486969,126.7820475,2017-01-01
경기도 시흥시청,경기도 시흥시 시흥대로 1059,경기도 시흥시 신천동 889-6,어린이보호,1,200,360도 전방면,30,2017-03,031-310-3702,37.4305182,126.7923036,2017-01-01
경기도 시흥시청,경기도 시흥시 정왕대로53번길 38,경기도 시흥시 정왕3동 1866-1,어린이보호,1,200,360도 전방면,30,2017-03,031-310-3702,37.357527,126.7263863,2017-01-01
경기도 시흥시청,경기도 시흥시 군자로 539,경기도 시흥시 거모동 1577-1,어린이보호,1,200,360도 전방면,30,2017-03,031-310-3702,37.3438592,126.7873545,2017-01-01
경기도 시흥시청,,경기도 시흥시 포동 20-109,어린이보호,1,200,360도 전방면,30,2017-03,031-310-3702,37.4049909,126.7720224,2017-01-01
경기도 시흥시청,경기도 시흥시 대은로104번길 29-10,경기도 시흥시 은행동 545,어린이보호,1,200,360도 전방면,30,2017-03,031-310-3702,37.4423543,126.8008585,2017-01-01
경기도 시흥시청,경기도 시흥시 매화2로23번길 12-1,경기도 시흥시 매화동 226,생활방범,1,200,360도 전방면,30,2017-04,031-310-3702,37.4164129,126.8108011,2017-01-01
경기도 시흥시청,경기도 시흥시 수인로3402번길 6,경기도 시흥시 신천동  715,어린이보호,1,200,360도 전방면,30,2017-03,031-310-3702,37.4422114,126.7814679,2017-01-01
경기도 시흥시청,경기도 시흥시 금오로 103,경기도 시흥시 무지내동  341-2,생활방범,3,200,360도 전방면,30,2017-10,031-310-3702,37.4132755,126.8394889,2017-01-01
경기도 시흥시청,,경기도 시흥시 무지내동  35-24,생활방범,3,200,360도 전방면,30,2017-10,031-310-3702,37.4239392,126.8364607,2017-01-01
경기도 시흥시청,경기도 시흥시 역전로301번길 10-20,경기도 시흥시 정왕2동 2305-39,생활방범,3,200,360도 전방면,30,2017-10,031-310-3702,37.3522191,126.7378052,2017-01-01
경기도 시흥시청,경기도 시흥시 큰솔로8번안길 17,경기도 시흥시 정왕1동  1420-6,생활방범,3,200,360도 전방면,30,2017-10,031-310-3702,37.3389725,126.7535824,2017-01-01
경기도 시흥시청,경기도 시흥시 봉우재로61번길 24-3,경기도 시흥시 정왕동 1814-2,쓰레기단속,1,200,쓰레기투기지역,7,2017-07,031-310-3108,37.3492778,126.7441132,2017-01-01
경기도 시흥시청,경기도 시흥시 역전로 313,경기도 시흥시 정왕2동  2305-13,생활방범,3,200,360도 전방면,30,2017-10,031-310-3702,37.3528856,126.737691,2017-01-01
경기도 시흥시청,경기도 시흥시 도일로112번길 5-10,경기도 시흥시 거모동 1772-17,쓰레기단속,1,41,쓰레기투기지역,30,2017-09,031-310-3108,37.3410879,126.7845299,2017-01-01
경기도 시흥시청,경기도 시흥시 검바위1로 10,경기도 시흥시 은행동 320-9,쓰레기단속,1,41,쓰레기투기지역,30,2017-09,031-310-3108,37.429603,126.794498,2017-01-01
경기도 시흥시청,경기도 시흥시 오이도중앙로5번길 6-1,경기도 시흥시 정왕3동 1982-14,생활방범,4,200,360도 전방면,30,2017-12,031-310-3702,37.3472499,126.6915282,2017-01-01
경기도 시흥시청,경기도 시흥시 큰솔공원로7번길 10,경기도 시흥시 정왕본동 1530-11,생활방범,4,200,360도 전방면,30,2017-12,031-310-3702,37.3434735,126.7559713,2017-01-01
경기도 시흥시청,경기도 시흥시 군서마을로 60,경기도 시흥시 정왕동 1210-11,쓰레기단속,1,41,쓰레기투기지역,30,2017-01,031-310-3108,37.346533,126.7456349,2017-01-01
경기도 시흥시청,경기도 시흥시 군서로10번길 42,경기도 시흥시 정왕본동 1168-13,생활방범,1,200,360도 전방면,30,2017-09,031-310-3702,37.3468377,126.7533082,2017-01-01
경기도 시흥시청,경기도 시흥시 군서로46번길 8-1,경기도 시흥시 정왕본동 1205,생활방범,1,200,360도 전방면,30,2017-11,031-310-3702,37.3465018,126.7478583,2017-01-01
경기도 시흥시청,경기도 시흥시 큰솔로56번길 9-1,경기도 시흥시 정왕본동 1548-5,생활방범,1,200,360도 전방면,30,2017-11,031-310-3702,37.3416141,126.7543637,2017-01-01
경기도 시흥시청,경기도 시흥시 큰솔로8번안길 3,경기도 시흥시 정왕1동 1427-7,생활방범,1,200,360도 전방면,30,2017-11,031-310-3702,37.337889,126.7525027,2017-01-01
경기도 시흥시청,경기도 시흥시 월곶중앙로 18,경기도 시흥시 월곶동 994-2,어린이보호,1,200,360도 전방면,30,2017-03,031-310-3702,37.3873611,126.7430225,2017-01-01
경기도 시흥시청,경기도 시흥시 함송로29번길 31,경기도 시흥시 정왕4동 1878-3,어린이보호,1,130,360도 전방면,30,2017-03,031-310-3702,37.3652457,126.732894,2017-01-01
경기도 시흥시청,경기도 시흥시 봉우재로51번길 22,경기도 시흥시 정왕본동 1829-3,생활방범,1,200,360도 전방면,30,2017-04,031-310-3702,37.3482765,126.7436087,2017-01-01
경기도 시흥시청,경기도 시흥시 큰솔로28번길 9,경기도 시흥시 정왕1동 1405-4,생활방범,1,200,360도 전방면,30,2017-04,031-310-3702,37.3400886,126.7530258,2017-01-01
경기도 시흥시청,경기도 시흥시 봉우재로11번길 10,경기도 시흥시 정왕1동 1616-9,생활방범,1,200,360도 전방면,30,2017-04,031-310-3702,37.3446958,126.7419395,2017-01-01
경기도 시흥시청,경기도 시흥시 호현로49번길 3,경기도 시흥시 신천동 704-4,어린이보호,1,200,360도 전방면,30,2017-06,031-310-3702,37.4443528,126.7847161,2017-01-01
경기도 시흥시청,경기도 시흥시 신천천동로 13,경기도 시흥시 신천동 765,기타,1,200,360도 전방면,30,2017-06,031-310-3702,37.438687,126.7855235,2017-01-01
경기도 시흥시청,경기도 시흥시 봉우재로30번길 11,경기도 시흥시 정왕1동 1578-3,생활방범,1,200,360도 전방면,30,2017-11,031-310-3702,37.3449457,126.7449406,2017-01-01
경기도 시흥시청,경기도 시흥시 정왕천로359번길 53,경기도 시흥시 정왕1동 1594-6,생활방범,1,200,360도 전방면,30,2017-11,031-310-3702,37.3434739,126.7435011,2017-01-01
경기도 시흥시청,경기도 시흥시 중심상가로 193,경기도 시흥시 정왕2동 1737-17,생활방범,1,200,360도 전방면,30,2017-04,031-310-3702,37.3443053,126.7365239,2017-01-01
경기도 시흥시청,경기도 시흥시 수인로3413번길 29,경기도 시흥시 신천동 749-18,생활방범,2,200,360도 전방면,30,2017-04,031-310-3702,37.439575,126.778583,2017-01-01
경기도 시흥시청,경기도 시흥시 함송로 23,경기도 시흥시 정왕4동 1881-8,생활방범,1,200,360도 전방면,30,2017-04,031-310-3702,37.3635023,126.730971,2017-01-01
경기도 시흥시청,경기도 시흥시 신천로19번길 32,경기도 시흥시 신천동 872-15,생활방범,1,200,360도 전방면,30,2017-04,031-310-3702,37.4307668,126.7902692,2017-01-01
경기도 시흥시청,경기도 시흥시 하중로 211,경기도 시흥시 하중동 861-1,생활방범,1,200,360도 전방면,30,2017-04,031-310-3702,37.3929692,126.8055759,2017-01-01
경기도 시흥시청,경기도 시흥시 마산로 154,경기도 시흥시 조남동 516-1,생활방범,1,200,360도 전방면,30,2017-04,031-310-3702,37.3678655,126.8611042,2017-01-01
경기도 시흥시청,경기도 시흥시 매화로 66,경기도 시흥시 매화동 259-1,어린이보호,1,200,360도 전방면,30,2017-03,031-310-3702,37.4136075,126.8143551,2017-01-01
경기도 시흥시청,경기도 시흥시 공단1대로 229,경기도 시흥시 정왕1동 1366-12,생활방범,1,200,360도 전방면,30,2017-06,031-310-3702,37.3370042,126.7273868,2017-01-01
경기도 시흥시청,경기도 시흥시 군자천로 333,경기도 시흥시 정왕2동 1729-3,생활방범,1,200,360도 전방면,30,2017-06,031-310-3702,37.3464178,126.7343383,2017-01-01
경기도 시흥시청,경기도 시흥시 매화1로 62,경기도 시흥시 매화동 303-1,어린이보호,1,200,360도 전방면,30,2017-06,031-310-3702,37.4161839,126.8084633,2017-01-01
경기도 시흥시청,경기도 시흥시 정왕대로 78,경기도 시흥시 정왕3동 1861-8,생활방범,1,200,360도 전방면,30,2017-06,031-310-3702,37.3531988,126.7249687,2017-01-01
경기도 시흥시청,경기도 시흥시 동서로1051번길 8-3,경기도 시흥시 조남동 174-15,생활방범,1,200,360도 전방면,30,2017-06,031-310-3702,37.3829989,126.8580948,2017-01-01
경기도 시흥시청,,경기도 시흥시 정왕3동 2006-1,생활방범,1,200,360도 전방면,30,2017-06,031-310-3702,37.3448618,126.6879493,2017-01-01
경기도 시흥시청,경기도 시흥시 오이도로 165,경기도 시흥시 정왕3동 2003-24,생활방범,1,200,360도 전방면,30,2017-06,031-310-3702,37.3460877,126.6881699,2017-01-01
경기도 시흥시청,경기도 시흥시 월곶해안로 63,경기도 시흥시 월곶동 1010-2,생활방범,1,200,360도 전방면,30,2017-06,031-310-3702,37.3923862,126.7378106,2017-01-01
경기도 시흥시청,,경기도 시흥시 죽율동 627,어린이보호,3,200,360도 전방면,30,2017-12,031-310-3702,37.3495307,126.7570801,2017-01-01
경기도 시흥시청,경기도 시흥시 월곶해안로 29-8,경기도 시흥시 월곶동 991-4,생활방범,1,200,360도 전방면,30,2017-06,031-310-3702,37.3942195,126.7397239,2017-01-01
경기도 시흥시청,경기도 시흥시 복지로 88,경기도 시흥시 대야동 423-2,생활방범,3,200,360도 전방면,30,2017-12,031-310-3702,37.4464643,126.7914113,2017-01-01
경기도 시흥시청,,경기도 시흥시 과림동 과림동 441-2,교통정보수집,2,130,고정촬영,30,2017-12,031-310-3702,37.439856,126.8337135,2017-01-01
경기도 시흥시청,,경기도 시흥시 신천동 신천동 702번지,기타,3,200,360도 전방면,30,2017-09,031-310-3702,37.4441859,126.7821627,2017-01-01
경기도 시흥시청,,경기도 시흥시 능곡동 777,기타,3,130,360도 전방면,30,2017-12,031-310-3702,37.3654964,126.8104907,2017-01-01
경기도 시흥시청,경기도 시흥시 매화1로 53,경기도 시흥시 매화동 314-5,생활방범,3,200,360도 전방면,30,2017-03,031-310-3702,37.415103,126.808692,2017-01-01
경기도 시흥시청,,경기도 시흥시 미산동 204-8,생활방범,3,200,360도 전방면,30,2017-10,031-310-3702,37.4230199,126.7862693,2017-01-01
경기도 시흥시청,경기도 시흥시 대골길 63-2,경기도 시흥시 대야동 474-9,생활방범,1,200,360도 전방면,30,2017-06,031-310-3702,37.4457716,126.7870173,2017-01-01
경기도 시흥시청,경기도 시흥시 수인로3402번길 14-1,경기도 시흥시 신천동  314-90,어린이보호,1,200,360도 전방면,30,2017-03,031-310-3702,37.4430759,126.7812168,2017-01-01
경기도 시흥시청,,경기도 시흥시 거모동  1534-7,생활방범,3,200,360도 전방면,30,2017-10,031-310-3702,37.3424702,126.7816595,2017-01-01
경기도 시흥시청,경기도 시흥시 새재로7번길 21,경기도 시흥시 장현동 537-1,생활방범,1,200,360도 전방면,30,2017-02,031-310-3702,37.3813899,126.7995204,2017-01-01
경기도 시흥시청,경기도 시흥시 정왕대로233번길 8,경기도 시흥시 정왕본동 1621,생활방범,3,200,360도 전방면,30,2017-03,031-310-3702,37.3456376,126.7400064,2017-01-01
경기도 시흥시청,경기도 시흥시 정왕천로355번길 2,경기도 시흥시 정왕본동 1439-8,생활방범,3,200,360도 전방면,30,2017-03,031-310-3702,37.3404743,126.7480253,2017-01-01
경기도 시흥시청,경기도 시흥시 봉우재로36번길 5,경기도 시흥시 정왕본동 1575-11,생활방범,1,200,360도 전방면,30,2017-02,031-310-3702,37.3458378,126.7449714,2017-01-01
경기도 시흥시청,경기도 시흥시 도일로135번길 9,경기도 시흥시 거모동 1752-3,생활방범,1,200,360도 전방면,30,2017-06,031-310-3702,37.3427531,126.7835772,2017-01-01
경기도 시흥시청,경기도 시흥시 금오로 119,경기도 시흥시 무지내동 342-1,생활방범,3,200,360도 전방면,30,2017-03,031-310-3702,37.4146355,126.8391019,2017-01-01
경기도 시흥시청,,경기도 시흥시 계수동 627,생활방범,3,200,360도 전방면,30,2017-03,031-310-3702,37.442548,126.8145424,2017-01-01
경기도 시흥시청,경기도 시흥시 수인로3488번길 1,경기도 시흥시 신천동 595-48,교통정보수집,2,130,고정촬영,30,2017-09,031-310-3702,37.4427422,126.7716578,2017-01-01
경기도 시흥시청,경기도 시흥시 복지로93번길 11,경기도 시흥시 대야동  444-13번지,기타,3,200,360도 전방면,30,2017-10,031-310-3702,37.4483187,126.7904907,2017-01-01
경기도 시흥시청,,경기도 시흥시 대야동  570-3,기타,3,200,360도 전방면,30,2017-10,031-310-3702,37.4467125,126.7941567,2017-01-01
경기도 시흥시청,경기도 시흥시 정왕천로428번길 24,경기도 시흥시 정왕본동 1511-9,생활방범,3,200,360도 전방면,30,2017-10,031-310-3702,37.3440033,126.7551119,2017-01-01
경기도 시흥시청,경기도 시흥시 정왕천로414번길 42,경기도 시흥시 정왕본동  1504-4,생활방범,5,200,360도 전방면,30,2017-10,031-310-3702,37.3458056,126.7552188,2017-01-01
경기도 시흥시청,,경기도 시흥시 하상동 343-38,기타,1,200,360도 전방면,30,2017-12,031-310-3702,37.3884665,126.812521,2017-01-01
경기도 시흥시청,경기도 시흥시 큰솔로46번길 4-1,경기도 시흥시 정왕동 1395-2,쓰레기단속,1,200,쓰레기투기지역,30,2017-01,031-310-3108,37.3410256,126.7530227,2017-01-01
경기도 시흥시청,,경기도 시흥시 정왕2동 정왕동 1871-2번지,기타,2,200,360도 전방면,30,2017-09,031-310-3702,37.3518867,126.7303121,2017-01-01
경기도 시흥시청,경기도 시흥시 시흥대로 908-1,경기도 시흥시 미산동 278-2,생활방범,3,200,360도 전방면,30,2017-09,031-310-3702,37.4173226,126.7895503,2017-01-01
경기도 시흥시청,경기도 시흥시 수인로3287번길 18,경기도 시흥시 은행동 109-30,생활방범,3,200,360도 전방면,30,2017-02,031-310-3702,37.438101,126.7948021,2017-01-01
경기도 시흥시청,,경기도 시흥시 하상동 368,생활방범,1,41,360도 전방면,30,2017-06,031-310-3702,37.3956112,126.8123561,2017-01-01
경기도 시흥시청,경기도 시흥시 검바위2로 15-4,경기도 시흥시 은행동 289-99,생활방범,1,200,360도 전방면,30,2017-06,031-310-3702,37.4304065,126.7954109,2017-01-01
경기도 시흥시청,경기도 시흥시 도일로123번길 35,경기도 시흥시 거모동 1739-6,어린이보호,1,200,360도 전방면,30,2017-06,031-310-3702,37.3440832,126.7817789,2017-01-01
경기도 시흥시청,경기도 시흥시 큰솔로96번길 12,경기도 시흥시 정왕본동 1532-19,생활방범,1,200,360도 전방면,30,2017-06,031-310-3702,37.3437815,126.7567264,2017-01-01
경기도 시흥시청,경기도 시흥시 역전로290번길 15,경기도 시흥시 정왕본동 2300-5,생활방범,3,200,360도 전방면,30,2017-03,031-310-3702,37.3530006,126.7407482,2017-01-01
경기도 시흥시청,경기도 시흥시 정왕천로423번길 14-1,경기도 시흥시 정왕동 1179-10,쓰레기단속,1,200,쓰레기투기지역,7,2017-07,031-310-3108,37.3459421,126.751607,2017-01-01
경기도 시흥시청,경기도 시흥시 시흥대로789번길 14-5,경기도 시흥시 미산동 718-13,시설물관리,1,200,360도 전방면,30,2017-06,031-310-6073,37.407941,126.7884135,2017-01-01
경기도 시흥시청,경기도 시흥시 한우물로 17,경기도 시흥시 거모동 1743-7,생활방범,1,200,360도 전방면,30,2017-04,031-310-3702,37.343998,126.7843861,2017-01-01
경기도 시흥시청,경기도 시흥시 오동마을로5번길 16,경기도 시흥시 정왕본동 2311-1,생활방범,1,200,360도 전방면,30,2017-04,031-310-3702,37.3529168,126.7436154,2017-01-01
경기도 시흥시청,,경기도 시흥시 정왕본동 정왕동 1542-5번지,기타,2,200,360도 전방면,30,2017-09,031-310-3702,37.3416715,126.7559659,2017-01-01
경기도 시흥시청,경기도 시흥시 정왕천로427번길 30,경기도 시흥시 정왕본동 1175,어린이보호,1,200,360도 전방면,30,2017-03,031-310-3702,37.3471398,126.7512757,2017-01-01
경기도 시흥시청,경기도 시흥시 오동마을로45번길 27,경기도 시흥시 정왕본동 2314-34,생활방범,3,200,360도 전방면,30,2017-03,031-310-3702,37.3537809,126.7473596,2017-01-01
경기도 시흥시청,경기도 시흥시 삼미시장2길 40,경기도 시흥시 신천동 736,기타,3,130,360도 전방면,30,2017-12,031-310-3702,37.4398197,126.7841078,2017-01-01
경기도 시흥시청,경기도 시흥시 포도원로79번길 11-3,경기도 시흥시 신천동 843-19,기타,3,130,360도 전방면,30,2017-12,031-310-3702,37.4366011,126.7830211,2017-01-01
경기도 시흥시청,,경기도 시흥시 미산동 106-2,생활방범,3,130,360도 전방면,30,2017-12,031-310-3702,37.423852,126.7930227,2017-01-01
경기도 시흥시청,,경기도 시흥시 조남동 172-52,생활방범,3,130,360도 전방면,30,2017-12,031-310-3702,37.3842785,126.8582956,2017-01-01
경기도 시흥시청,경기도 시흥시 오이도1길 30,경기도 시흥시 정왕3동 2040-1,기타,3,130,360도 전방면,30,2017-12,031-310-3702,37.3415603,126.6899267,2017-01-01
경기도 시흥시청,경기도 시흥시 월곶해안로 111-1,경기도 시흥시 월곶동 1013-5번지,생활방범,3,200,360도 전방면,30,2017-09,031-310-3702,37.3887471,126.7342551,2017-01-01
경기도 시흥시청,경기도 시흥시 대은로104번길 15,경기도 시흥시 은행동 600,기타,2,130,360도 전방면,30,2017-06,031-310-3702,37.444409,126.8011355,2017-01-01
경기도 시흥시청,,경기도 시흥시 정왕본동 876-131,기타,2,130,360도 전방면,30,2017-06,031-310-3702,37.348031,126.7504489,2017-01-01
경기도 시흥시청,,경기도 시흥시 정왕2동 1872-7,기타,2,130,360도 전방면,30,2017-06,031-310-3702,37.3553096,126.733811,2017-01-01
경기도 시흥시청,경기도 시흥시 능골길 26,경기도 시흥시 능곡동 617,기타,2,130,360도 전방면,30,2017-06,031-310-3702,37.3693918,126.817988,2017-01-01
경기도 시흥시청,경기도 시흥시 마유로418번길 12,경기도 시흥시 정왕본동 2327-4,생활방범,1,130,360도 전방면,30,2017-07,031-310-3702,37.3513099,126.7421988,2017-01-01
경기도 시흥시청,,경기도 시흥시 정왕본동 정왕동 2312-4번지,기타,3,200,360도 전방면,30,2017-09,031-310-3702,37.3525878,126.7456142,2017-01-01
경기도 시흥시청,,경기도 시흥시 과림동 18-2,생활방범,3,200,360도 전방면,30,2017-12,031-310-3702,37.4576042,126.8326789,2017-01-01
경기도 시흥시청,경기도 시흥시 역전로 249,경기도 시흥시 정왕본동 1811-8,어린이보호,1,200,360도 전방면,30,2017-03,031-310-3702,37.3499708,126.7437835,2017-01-01
경기도 시흥시청,,경기도 시흥시 은행동 599-3,생활방범,1,200,360도 전방면,30,2017-06,031-310-3702,37.4390196,126.7951272,2017-01-01
경기도 시흥시청,경기도 시흥시 큰솔로7번안길 4,경기도 시흥시 정왕1동 1417-9,생활방범,3,200,360도 전방면,30,2017-10,031-310-3702,37.3392808,126.7502525,2017-01-01
경기도 시흥시청,,경기도 시흥시 안현동 371-2,생활방범,3,200,360도 전방면,30,2017-09,031-310-3702,37.4305783,126.811793,2017-01-01
경기도 시흥시청,,경기도 시흥시 은행동 109-87,생활방범,3,200,360도 전방면,30,2017-06,031-310-3702,37.4379628,126.7936047,2017-01-01
경기도 시흥시청,,경기도 시흥시 장곡동 825-2,기타,3,130,360도 전방면,30,2017-12,031-310-3702,37.3784405,126.787583,2017-01-01
경기도 시흥시청,,경기도 시흥시 능곡동 781,생활방범,1,200,360도 전방면,30,2017-02,031-310-3702,37.3655018,126.8082442,2017-01-01
경기도 시흥시청,,경기도 시흥시 능곡동 481,생활방범,3,200,360도 전방면,30,2017-10,031-310-3702,37.3745813,126.8121045,2017-01-01
경기도 시흥시청,,경기도 시흥시 정왕1동 1961,생활방범,3,200,360도 전방면,30,2017-06,031-310-3702,37.3411943,126.7354177,2017-01-01
경기도 시흥시청,경기도 시흥시 서촌상가3길 15-14,경기도 시흥시 정왕2동 1727-5,생활방범,1,200,360도 전방면,30,2017-04,031-310-3702,37.3471437,126.7326428,2017-01-01
경기도 시흥시청,,경기도 시흥시 무지내동 1-1번지,생활방범,1,200,360도 전방면,30,2017-12,031-310-3702,37.4263513,126.8410987,2017-01-01
경기도 시흥시청,,경기도 시흥시 신천동 683-8,생활방범,3,200,360도 전방면,30,2017-12,031-310-3702,37.4357667,126.780131,2017-01-01
경기도 시흥시청,경기도 시흥시 신천7길 36,경기도 시흥시 신천동  823-10,생활방범,3,200,360도 전방면,30,2017-10,031-310-3702,37.4369051,126.7769977,2017-01-01
경기도 시흥시청,,경기도 시흥시 신천동 947,기타,3,200,360도 전방면,30,2017-10,031-310-3702,37.435435,126.7908322,2017-01-01
경기도 시흥시청,경기도 시흥시 시흥대로1065번길 15,경기도 시흥시 신천동  890-1,기타,3,200,360도 전방면,30,2017-10,031-310-3702,37.4307946,126.7906871,2017-01-01
경기도 시흥시청,,경기도 시흥시 신천동 458-4,생활방범,3,200,360도 전방면,30,2017-12,031-310-3702,37.4379645,126.7797742,2017-01-01
경기도 시흥시청,경기도 시흥시 신흥마을1길 12,경기도 시흥시 신천동  818-6,생활방범,3,200,360도 전방면,30,2017-10,031-310-3702,37.4384663,126.7783038,2017-01-01
경기도 시흥시청,경기도 시흥시 검바위1로 70,경기도 시흥시 은행동  245-1,생활방범,3,200,360도 전방면,30,2017-10,031-310-3702,37.4352369,126.7959964,2017-01-01
경기도 시흥시청,경기도 시흥시 수인로3409번길 18,경기도 시흥시 신천동  748-1,생활방범,3,200,360도 전방면,30,2017-10,031-310-3702,37.4402438,126.7796319,2017-01-01
경기도 시흥시청,경기도 시흥시 신천로100번길 8-1,경기도 시흥시 신천동 769-2,생활방범,1,200,360도 전방면,30,2017-02,031-310-3702,37.4385459,126.7872189,2017-01-01
경기도 시흥시청,경기도 시흥시 동서로707번길 34,경기도 시흥시 물왕동 284-3,생활방범,1,200,360도 전방면,30,2017-02,031-310-3702,37.3871654,126.8276327,2017-01-01
경기도 시흥시청,경기도 시흥시 정왕천로396번길 23,경기도 시흥시 정왕본동 1523-7,생활방범,1,200,360도 전방면,30,2017-02,031-310-3702,37.3419448,126.7531099,2017-01-01
경기도 시흥시청,경기도 시흥시 옥터로 56,경기도 시흥시 정왕3동 2017-4,어린이보호,1,200,360도 전방면,30,2017-03,031-310-3702,37.3429414,126.6908915,2017-01-01
경기도 시흥시청,경기도 시흥시 월곶중앙로 64,경기도 시흥시 월곶동 1009-1,어린이보호,1,130,360도 전방면,30,2017-03,031-310-3702,37.389108,126.7384771,2017-01-01
경기도 시흥시청,경기도 시흥시 정왕천로375번길 25-1,경기도 시흥시 정왕1동 1569-6,어린이보호,1,200,360도 전방면,30,2017-03,031-310-3702,37.3427247,126.7470247,2017-01-01
경기도 시흥시청,경기도 시흥시 대은로 16-29,경기도 시흥시 은행동 551-2,어린이보호,1,200,360도 전방면,30,2017-03,031-310-3702,37.441661,126.7953572,2017-01-01
경기도 시흥시청,경기도 시흥시 군서로54번길 18,경기도 시흥시 정왕본동 1184,어린이보호,1,200,360도 전방면,30,2017-03,031-310-3702,37.3475826,126.7476627,2017-01-01
경기도 시흥시청,경기도 시흥시 대은로 16-14,경기도 시흥시 은행동 553-3,어린이보호,1,130,360도 전방면,30,2017-03,031-310-3702,37.4401529,126.7939941,2017-01-01
경기도 시흥시청,,경기도 시흥시 은행동 229-3,어린이보호,1,200,360도 전방면,30,2017-03,031-310-3702,37.4330722,126.7998213,2017-01-01
경기도 시흥시청,경기도 시흥시 정왕천로427번길 30,경기도 시흥시 정왕본동 1175,어린이보호,1,130,360도 전방면,30,2017-03,031-310-3702,37.3471398,126.7512757,2017-01-01
경기도 시흥시청,,경기도 시흥시 은행동 549-1,어린이보호,1,200,360도 전방면,30,2017-03,031-310-3702,37.4417983,126.7972101,2017-01-01
경기도 시흥시청,경기도 시흥시 은행로12번길 24,경기도 시흥시 은행동 277-1,어린이보호,1,200,360도 전방면,30,2017-03,031-310-3702,37.4328491,126.7958787,2017-01-01
경기도 시흥시청,경기도 시흥시 정왕천로427번길 13,경기도 시흥시 정왕본동 1179-3,어린이보호,1,200,360도 전방면,30,2017-03,031-310-3702,37.3460596,126.7517533,2017-01-01
경기도 시흥시청,경기도 시흥시 은행로12번길 24,경기도 시흥시 은행동 277-1,어린이보호,1,130,360도 전방면,30,2017-03,031-310-3702,37.4328491,126.7958787,2017-01-01
경기도 시흥시청,경기도 시흥시 정왕천로408번길 19,경기도 시흥시 정왕본동 1518,어린이보호,1,130,360도 전방면,30,2017-03,031-310-3702,37.3432518,126.7533313,2017-01-01
경기도 시흥시청,경기도 시흥시 큰솔로7번길 10,경기도 시흥시 정왕본동 1418-2,어린이보호,1,200,360도 전방면,30,2017-03,031-310-3702,37.3390847,126.751281,2017-01-01
경기도 시흥시청,경기도 시흥시 정왕천로408번길 11-1,경기도 시흥시 정왕본동 1517-11,어린이보호,1,200,360도 전방면,30,2017-06,031-310-3702,37.3433322,126.7530263,2017-01-01
경기도 시흥시청,경기도 시흥시 수인로3395번길 14,경기도 시흥시 신천동 746-23,생활방범,1,200,360도 전방면,30,2017-06,031-310-3702,37.4402915,126.7810781,2017-01-01
경기도 시흥시청,경기도 시흥시 마유로418번길 12,경기도 시흥시 정왕본동 2327-4,생활방범,1,200,360도 전방면,30,2017-06,031-310-3702,37.3513099,126.7421988,2017-01-01
경기도 시흥시청,경기도 시흥시 신현로 437,경기도 시흥시 방산동 406,생활방범,1,200,360도 전방면,30,2017-06,031-310-3702,37.4195721,126.7689388,2017-01-01
경기도 시흥시청,경기도 시흥시 봉우재로 23-29,경기도 시흥시 정왕1동 1609,생활방범,1,200,360도 전방면,30,2017-06,031-310-3702,37.3465586,126.7408609,2017-01-01
경기도 시흥시청,,경기도 시흥시 은행동 93,어린이보호,1,200,360도 전방면,30,2017-06,031-310-3702,37.4395774,126.7998264,2017-01-01
경기도 시흥시청,경기도 시흥시 은행로12번길 27,경기도 시흥시 은행동 261-2,어린이보호,1,200,360도 전방면,30,2017-06,031-310-3702,37.432994,126.7962964,2017-01-01
경기도 시흥시청,경기도 시흥시 정왕대로 56,경기도 시흥시 정왕2동 1861-1,생활방범,1,200,360도 전방면,30,2017-06,031-310-3702,37.3544465,126.7229776,2017-01-01
경기도 시흥시청,,경기도 시흥시 은행동 265,생활방범,1,200,360도 전방면,30,2017-06,031-310-3702,37.4311869,126.7985497,2017-01-01
경기도 시흥시청,경기도 시흥시 역전로301번길 18-1,경기도 시흥시 정왕2동 2305-21,생활방범,1,200,360도 전방면,30,2017-06,031-310-3702,37.352001,126.7369707,2017-01-01
경기도 시흥시청,경기도 시흥시 수인로2421번길 101,경기도 시흥시 논곡동 160-32,어린이보호,1,200,360도 전방면,30,2017-06,031-310-3702,37.3872803,126.8594642,2017-01-01
경기도 시흥시청,경기도 시흥시 수인로2431번길 22,경기도 시흥시 논곡동 267-3,생활방범,1,200,360도 전방면,30,2017-06,031-310-3702,37.3949416,126.854379,2017-01-01
경기도 시흥시청,경기도 시흥시 옥터로 25,경기도 시흥시 정왕3동 1986-4,어린이보호,1,200,360도 전방면,30,2017-06,031-310-3702,37.3455035,126.692111,2017-01-01
경기도 시흥시청,,경기도 시흥시 거모동 1474-1,생활방범,1,200,360도 전방면,30,2017-06,031-310-3702,37.3460298,126.7819651,2017-01-01
경기도 시흥시청,경기도 시흥시 황고개로206번길 28,경기도 시흥시 거모동 1720-3,생활방범,1,200,360도 전방면,30,2017-06,031-310-3702,37.3489711,126.7841121,2017-01-01
경기도 시흥시청,경기도 시흥시 오이도로 105,경기도 시흥시 정왕3동 1978-10,생활방범,1,200,360도 전방면,30,2017-06,031-310-3702,37.3476401,126.6925875,2017-01-01
경기도 시흥시청,경기도 시흥시 산기대학로 27,경기도 시흥시 정왕3동 2164-1,생활방범,1,200,360도 전방면,30,2017-06,031-310-3702,37.3520272,126.7135624,2017-01-01
경기도 시흥시청,,경기도 시흥시 거모동 1753-9,생활방범,1,200,360도 전방면,30,2017-06,031-310-3702,37.3415009,126.7836937,2017-01-01
경기도 시흥시청,,경기도 시흥시 정왕4동 1878-8,생활방범,1,200,360도 전방면,30,2017-06,031-310-3702,37.3655786,126.7366971,2017-01-01
경기도 시흥시청,,경기도 시흥시 거모동 1766-4,생활방범,1,200,360도 전방면,30,2017-06,031-310-3702,37.3418602,126.7880261,2017-01-01
경기도 시흥시청,경기도 시흥시 장곡로49번길 15,경기도 시흥시 장곡동 812-3,생활방범,1,200,360도 전방면,30,2017-06,031-310-3702,37.377802,126.7833284,2017-01-01
경기도 시흥시청,경기도 시흥시 하상로8번길 12,경기도 시흥시 하상동 374-1,생활방범,1,200,360도 전방면,30,2017-06,031-310-3702,37.3913337,126.8138011,2017-01-01
경기도 시흥시청,경기도 시흥시 봉우재로61번길 9,경기도 시흥시 정왕본동 1824-1,생활방범,1,200,360도 전방면,30,2017-06,031-310-3702,37.3480818,126.7452233,2017-01-01
경기도 시흥시청,경기도 시흥시 하중로117번길 9-2,경기도 시흥시 하중동 819-5,생활방범,1,200,360도 전방면,30,2017-06,031-310-3702,37.4004919,126.7998302,2017-01-01
경기도 시흥시청,,경기도 시흥시 신천동 947(1),기타,1,200,360도 전방면,30,2017-08,031-310-3702,37.435435,126.790832,2017-01-01
경기도 시흥시청,,경기도 시흥시 신천동 947(2),기타,1,200,360도 전방면,30,2017-08,031-310-3702,37.435435,126.790832,2017-01-01
경기도 시흥시청,경기도 시흥시 서해안로 1702,경기도 시흥시 대야동 261-1,교통정보수집,2,130,고정촬영,30,2017-09,031-310-3702,37.4530402,126.7957101,2017-01-01
경기도 시흥시청,,경기도 시흥시 정왕1동 2162,교통정보수집,2,130,고정촬영,30,2017-09,031-310-3702,37.3358081,126.7527466,2017-01-01
경기도 시흥시청,,경기도 시흥시 정왕1동 2159,교통정보수집,2,130,고정촬영,30,2017-09,031-310-3702,37.3390877,126.7569674,2017-01-01
경기도 시흥시청,,경기도 시흥시 매화동 196-3,생활방범,3,200,360도 전방면,30,2017-12,031-310-3702,37.4154656,126.8156269,2017-01-01
경기도 시흥시청,,경기도 시흥시 방산동 803,생활방범,3,200,360도 전방면,30,2017-12,031-310-3702,37.4320771,126.7777467,2017-01-01
경기도 시흥시청,경기도 시흥시 정왕천로414번길 7-18,경기도 시흥시 정왕본동 1513-11,생활방범,4,200,360도 전방면,30,2017-12,031-310-3702,37.3445316,126.7535302,2017-01-01
경기도 시흥시청,경기도 시흥시 신천로43번길 7,경기도 시흥시 신천동 864-5,생활방범,4,200,360도 전방면,30,2017-12,031-310-3702,37.4343221,126.7882479,2017-01-01
경기도 시흥시청,,경기도 시흥시 과림동 94-11,생활방범,3,200,360도 전방면,30,2017-12,031-310-3702,37.4524339,126.8336513,2017-01-01
경기도 시흥시청,경기도 시흥시 함송로13번길 10,경기도 시흥시 정왕4동 1880-3,생활방범,4,200,360도 전방면,30,2017-12,031-310-3702,37.3643578,126.7307524,2017-01-01
경기도 시흥시청,경기도 시흥시 군자로281번길 5,경기도 시흥시 거모동 317-1,생활방범,5,200,360도 전방면,30,2017-12,031-310-3702,37.361698,126.7723018,2017-01-01
경기도 시흥시청,,경기도 시흥시 거모동  1371-2,생활방범,3,200,360도 전방면,30,2017-10,031-310-3702,37.3483057,126.7800511,2017-01-01
경기도 시흥시청,경기도 시흥시 복지로120번길 15-10,경기도 시흥시 대야동  274-22,생활방범,3,200,360도 전방면,30,2017-10,031-310-3702,37.4494347,126.7948272,2017-01-01
경기도 시흥시청,,경기도 시흥시 거모동  1231-4,생활방범,3,200,360도 전방면,30,2017-10,031-310-3702,37.346367,126.774493,2017-01-01
경기도 시흥시청,,경기도 시흥시 정왕4동  1777번지(1774-1),기타,3,200,360도 전방면,30,2017-10,031-310-3702,37.3687164,126.7376907,2017-01-01
경기도 시흥시청,,경기도 시흥시 은행동 587,생활방범,3,200,360도 전방면,30,2017-10,031-310-3702,37.4431858,126.8024044,2017-01-01
경기도 시흥시청,,경기도 시흥시 대야동  470-2,기타,3,200,360도 전방면,30,2017-10,031-310-3702,37.4446035,126.7887723,2017-01-01
경기도 시흥시청,경기도 시흥시 군자로302번길 21-1,경기도 시흥시 거모동 573-1,생활방범,3,200,360도 전방면,30,2017-10,031-310-3702,37.357803,126.7709705,2017-01-01
경기도 시흥시청,경기도 시흥시 대은로104번길 30,경기도 시흥시 은행동 540-7,생활방범,3,200,360도 전방면,30,2017-10,031-310-3702,37.4430739,126.8002124,2017-01-01
경기도 시흥시청,,경기도 시흥시 신천동 775,기타,3,200,360도 전방면,30,2017-10,031-310-3702,37.4383754,126.787581,2017-01-01
경기도 시흥시청,경기도 시흥시 매화로 116,경기도 시흥시 도창동  361-3,생활방범,3,200,360도 전방면,30,2017-10,031-310-3702,37.4088517,126.8152706,2017-01-01
경기도 시흥시청,,경기도 시흥시 하상동 343-38,기타,2,200,360도 전방면,30,2017-12,031-310-3702,37.3884665,126.812521,2017-01-01
경기도 시흥시청,경기도 시흥시 오이도중앙로36번길 6-9,경기도 시흥시 정왕동 2001-1,쓰레기단속,1,41,쓰레기투기지역,30,2017-01,031-310-3108,37.3461086,126.6892532,2017-01-01
경기도 시흥시청,경기도 시흥시 오이도중앙로5번길 4-4,경기도 시흥시 정왕동 1980-3,쓰레기단속,1,41,쓰레기투기지역,30,2017-01,031-310-3108,37.3472211,126.6908399,2017-01-01
경기도 시흥시청,경기도 시흥시 역전로 313,경기도 시흥시 정왕동 2305-13,쓰레기단속,1,41,쓰레기투기지역,30,2017-01,031-310-3108,37.3528856,126.737691,2017-01-01
경기도 시흥시청,경기도 시흥시 오이도중앙로5번길 14-2,경기도 시흥시 정왕동 1983-2,쓰레기단속,1,41,쓰레기투기지역,30,2017-01,031-310-3108,37.3471431,126.6920365,2017-01-01
경기도 시흥시청,경기도 시흥시 검바위1로3번길 14,경기도 시흥시 은행동  289-10,생활방범,4,200,360도 전방면,30,2017-02,031-310-3702,37.4305202,126.7934673,2017-01-01
경기도 시흥시청,경기도 시흥시 신현로 157,경기도 시흥시 포동 67-77,시설물관리,2,200,360도 전방면,30,2017-05,031-310-6073,37.3999073,126.7710554,2017-01-01
경기도 시흥시청,,경기도 시흥시 포동 67-103,시설물관리,3,200,360도 전방면,30,2017-05,031-310-6073,37.3946939,126.787131,2017-01-01
경기도 시흥시청,경기도 시흥시 시흥대로1152번길 8,경기도 시흥시 신천동 83-42,생활방범,3,200,360도 전방면,30,2017-09,031-310-3702,37.4379945,126.7911866,2017-01-01
경기도 시흥시청,,경기도 시흥시 정왕2동 정왕동 1872-1번지,기타,2,200,360도 전방면,30,2017-09,031-310-3702,37.3574452,126.7338927,2017-01-01
경기도 시흥시청,,경기도 시흥시 대야동 360,생활방범,4,200,360도 전방면,30,2017-09,031-310-3702,37.4459888,126.792554,2017-01-01
경기도 시흥시청,경기도 시흥시 비둘기공원3길 2,경기도 시흥시 대야동 554-3,생활방범,3,200,360도 전방면,30,2017-09,031-310-3702,37.4399879,126.7924126,2017-01-01
경기도 시흥시청,,경기도 시흥시 정왕2동 정왕동 1848-2번지,기타,3,200,360도 전방면,30,2017-09,031-310-3702,37.3484724,126.7266452,2017-01-01
경기도 시흥시청,,경기도 시흥시 군자동 554-1,생활방범,2,200,360도 전방면,30,2017-09,031-310-3702,37.3576156,126.7861639,2017-01-01
경기도 시흥시청,,경기도 시흥시 죽율동 257-1,생활방범,3,200,360도 전방면,30,2017-12,031-310-3702,37.3461699,126.7614699,2017-01-01
경기도 시흥시청,,경기도 시흥시 죽율동 296(298번지),기타,3,200,360도 전방면,30,2017-12,031-310-3702,37.348172,126.762197,2017-01-01
경기도 시흥시청,,경기도 시흥시 죽율동 300-2,생활방범,3,200,360도 전방면,30,2017-12,031-310-3702,37.3481703,126.7615538,2017-01-01
경기도 시흥시청,,경기도 시흥시 죽율동 276-4,생활방범,3,200,360도 전방면,30,2017-12,031-310-3702,37.3482493,126.7605039,2017-01-01
경기도 시흥시청,,경기도 시흥시 죽율동 603-15,생활방범,3,200,360도 전방면,30,2017-12,031-310-3702,37.3498868,126.7593926,2017-01-01
경기도 시흥시청,,경기도 시흥시 죽율동 595,생활방범,3,200,360도 전방면,30,2017-12,031-310-3702,37.3500553,126.7580829,2017-01-01
경기도 시흥시청,,경기도 시흥시 죽율동 597,기타,3,200,360도 전방면,30,2017-12,031-310-3702,37.3504433,126.7583299,2017-01-01
경기도 시흥시청,,경기도 시흥시 신천동 83-100,생활방범,3,200,360도 전방면,30,2017-02,031-310-3702,37.4379347,126.7929946,2017-01-01
경기도 시흥시청,,경기도 시흥시 정왕3동 1089-3,생활방범,4,200,360도 전방면,30,2017-06,031-310-3702,37.3476683,126.693005,2017-01-01
경기도 시흥시청,경기도 시흥시 오이도로 241,경기도 시흥시 정왕3동 2042-22,생활방범,5,200,360도 전방면,30,2017-06,031-310-3702,37.3408626,126.6884513,2017-01-01
경기도 시흥시청,경기도 시흥시 서해안로 277,경기도 시흥시 정왕3동 2138,기타,1,41,360도 전방면,30,2017-06,031-310-3702,37.3555292,126.7123638,2017-01-01
경기도 시흥시청,경기도 시흥시 신현로12번길 20-10,경기도 시흥시 미산동 705,생활방범,1,200,360도 전방면,30,2017-06,031-310-3702,37.4089904,126.7858014,2017-01-01
경기도 시흥시청,,경기도 시흥시 정왕4동 1875-6,기타,1,200,360도 전방면,30,2017-06,031-310-3702,37.3584707,126.7292498,2017-01-01
경기도 시흥시청,,경기도 시흥시 미산동 93-1,생활방범,1,200,360도 전방면,30,2017-06,031-310-3702,37.4219929,126.7963831,2017-01-01
경기도 시흥시청,경기도 시흥시 함송로13번길 6-7,경기도 시흥시 정왕4동 1880-11,생활방범,1,41,360도 전방면,30,2017-06,031-310-3702,37.3639706,126.7308892,2017-01-01
경기도 시흥시청,경기도 시흥시 양우재길 16,경기도 시흥시 미산동 234-8,생활방범,1,200,360도 전방면,30,2017-06,031-310-3702,37.4221579,126.7878533,2017-01-01
경기도 시흥시청,,경기도 시흥시 정왕4동 1877-6,기타,1,41,360도 전방면,30,2017-06,031-310-3702,37.3633294,126.7341651,2017-01-01
경기도 시흥시청,경기도 시흥시 수인로3287번길 12,경기도 시흥시 은행동 109-22,생활방범,1,200,360도 전방면,30,2017-06,031-310-3702,37.4383516,126.7944059,2017-01-01
경기도 시흥시청,경기도 시흥시 수인로2857번길 44,경기도 시흥시 매화동 289-1,생활방범,1,200,360도 전방면,30,2017-06,031-310-3702,37.4111321,126.8158523,2017-01-01
경기도 시흥시청,경기도 시흥시 매화로135번길 5,경기도 시흥시 도창동 372-2,생활방범,1,200,360도 전방면,30,2017-06,031-310-3702,37.4089077,126.8165242,2017-01-01
경기도 시흥시청,경기도 시흥시 조남길 20-1,경기도 시흥시 조남동 169-61,생활방범,1,200,360도 전방면,30,2017-06,031-310-3702,37.3828027,126.8597889,2017-01-01
경기도 시흥시청,,경기도 시흥시 논곡동 147-5,생활방범,1,200,360도 전방면,30,2017-06,031-310-3702,37.3886071,126.8613248,2017-01-01
경기도 시흥시청,경기도 시흥시 군자로504번안길 12,경기도 시흥시 거모동 1734-1,생활방범,1,200,360도 전방면,30,2017-06,031-310-3702,37.3457531,126.7833879,2017-01-01
경기도 시흥시청,,경기도 시흥시 거모동 1741-1,생활방범,1,200,360도 전방면,30,2017-06,031-310-3702,37.3445279,126.7834704,2017-01-01
경기도 시흥시청,,경기도 시흥시 능곡동 479,기타,4,200,360도 전방면,30,2017-03,031-310-3702,37.3749135,126.8114376,2017-01-01
경기도 시흥시청,경기도 시흥시 도리재길 22,경기도 시흥시 금이동 461-11,생활방범,3,200,360도 전방면,30,2017-03,031-310-3702,37.3913829,126.8408238,2017-01-01
경기도 시흥시청,경기도 시흥시 역전로 2,경기도 시흥시 정왕1동 2160,기타,4,200,360도 전방면,30,2017-03,031-310-3702,37.3383381,126.7561348,2017-01-01
경기도 시흥시청,경기도 시흥시 매화2로23번길 21,경기도 시흥시 매화동 235-15,생활방범,3,200,360도 전방면,30,2017-03,031-310-3702,37.4155488,126.8113229,2017-01-01
경기도 시흥시청,경기도 시흥시 매화로 36,경기도 시흥시 매화동  202-1,어린이보호,1,200,360도 전방면,30,2017-03,031-310-3702,37.4162479,126.8146083,2017-01-01
경기도 시흥시청,경기도 시흥시 대골안길 31,경기도 시흥시 대야동 456-2,어린이보호,1,200,360도 전방면,30,2017-03,031-310-3702,37.446542,126.7895465,2017-01-01
경기도 시흥시청,경기도 시흥시 큰솔로7번길 10,경기도 시흥시 정왕1동 1418-2,어린이보호,1,200,360도 전방면,30,2017-03,031-310-3702,37.3390847,126.751281,2017-01-01
경기도 시흥시청,경기도 시흥시 하중로173번길 23,경기도 시흥시 하중동 848,기타,1,41,360도 전방면,30,2017-09,031-310-3702,37.3958593,126.8043487,2017-01-01
경기도 시흥시청,경기도 시흥시 서해안로 277,경기도 시흥시 정왕3동 2138,기타,1,41,360도 전방면,30,2017-09,031-310-3702,37.3555292,126.7123638,2017-01-01
경기도 시흥시청,,경기도 시흥시 신천동 742,기타,3,200,360도 전방면,30,2017-12,031-310-3702,37.4406891,126.7816645,2017-01-01
경기도 시흥시청,경기도 시흥시 신천4길 46,경기도 시흥시 신천동 818-1,기타,3,200,360도 전방면,30,2017-12,031-310-3702,37.4383834,126.7773549,2017-01-01
경기도 시흥시청,,경기도 시흥시 신천동 826-1,기타,3,200,360도 전방면,30,2017-12,031-310-3702,37.4360502,126.7775766,2017-01-01
경기도 시흥시청,,경기도 시흥시 신천동 851-7,기타,3,200,360도 전방면,30,2017-12,031-310-3702,37.4353005,126.7862113,2017-01-01
경기도 시흥시청,경기도 시흥시 수인로3325번길 29,경기도 시흥시 신천동 857-1,기타,3,200,360도 전방면,30,2017-12,031-310-3702,37.4364946,126.7888293,2017-01-01
경기도 시흥시청,,경기도 시흥시 신천동 884-5,기타,3,200,360도 전방면,30,2017-12,031-310-3702,37.4320497,126.7922202,2017-01-01
경기도 시흥시청,,경기도 시흥시 신천동 803,생활방범,1,200,360도 전방면,30,2017-12,031-310-3702,37.4389655,126.7850821,2017-01-01
경기도 시흥시청,경기도 시흥시 은행로 60,경기도 시흥시 은행동 107-1,생활방범,3,200,360도 전방면,30,2017-12,031-310-3702,37.4372651,126.7965219,2017-01-01
경기도 시흥시청,경기도 시흥시 매화로 34,경기도 시흥시 매화동 203,기타,3,130,360도 전방면,30,2017-12,031-310-3702,37.4164369,126.8145174,2017-01-01
경기도 시흥시청,,경기도 시흥시 정왕1동 1412-9,기타,3,130,360도 전방면,30,2017-12,031-310-3702,37.3399765,126.7511642,2017-01-01
경기도 시흥시청,경기도 시흥시 군서로18번길 16-1,경기도 시흥시 정왕본동 1192-1,기타,3,130,360도 전방면,30,2017-12,031-310-3702,37.3456165,126.7509986,2017-01-01
경기도 시흥시청,,경기도 시흥시 정왕본동 2307-3,기타,3,130,360도 전방면,30,2017-12,031-310-3702,37.3535822,126.7430036,2017-01-01
경기도 시흥시청,,경기도 시흥시 정왕1동 1445,생활방범,3,130,360도 전방면,30,2017-12,031-310-3702,37.3420288,126.7460226,2017-01-01
경기도 시흥시청,,경기도 시흥시 정왕1동 1668,생활방범,3,130,360도 전방면,30,2017-12,031-310-3702,37.3426984,126.7473633,2017-01-01
경기도 시흥시청,,경기도 시흥시 정왕본동 2314 일원,생활방범,3,130,360도 전방면,30,2017-12,031-310-3702,37.352307,126.740773,2017-01-01
경기도 시흥시청,,경기도 시흥시 정왕3동 정왕동 1998-5번지,기타,2,200,360도 전방면,30,2017-09,031-310-3702,37.3463618,126.6895908,2017-01-01
경기도 시흥시청,,경기도 시흥시 정왕4동 1878-4,생활방범,2,200,360도 전방면,30,2017-09,031-310-3702,37.365636,126.7341908,2017-01-01
경기도 시흥시청,,경기도 시흥시 정왕3동 정왕동 1942-3번지,기타,3,200,360도 전방면,30,2017-09,031-310-3702,37.3549172,126.7163392,2017-01-01
경기도 시흥시청,경기도 시흥시 금오로309번길 2,경기도 시흥시 과림동 631-1,생활방범,3,200,360도 전방면,30,2017-09,031-310-3702,37.4311006,126.8353828,2017-01-01
경기도 시흥시청,,경기도 시흥시 정왕4동 정왕동 1877-6번지,기타,2,200,360도 전방면,30,2017-09,031-310-3702,37.3633294,126.7341651,2017-01-01
경기도 시흥시청,경기도 시흥시 나분들길 44,경기도 시흥시 광석동 89-2번지,생활방범,3,200,360도 전방면,30,2017-09,031-310-3702,37.3875571,126.8185983,2017-01-01
경기도 시흥시청,,경기도 시흥시 정왕4동 정왕동 1875-6번지,기타,2,200,360도 전방면,30,2017-09,031-310-3702,37.3584707,126.7292498,2017-01-01
경기도 시흥시청,경기도 시흥시 승지로 69,경기도 시흥시 능곡동 545번지,생활방범,3,200,360도 전방면,30,2017-09,031-310-3702,37.3702537,126.8104334,2017-01-01
경기도 시흥시청,경기도 시흥시 능곡중앙로 85,경기도 시흥시 능곡동 능곡동 552번지,기타,3,200,360도 전방면,30,2017-09,031-310-3702,37.3715549,126.812767,2017-01-01
경기도 시흥시청,,경기도 시흥시 거모동 525-3번지,생활방범,2,200,360도 전방면,30,2017-09,031-310-3702,37.3567514,126.7723056,2017-01-01
경기도 시흥시청,경기도 시흥시 대야로13번길 17,경기도 시흥시 대야동 475-2,생활방범,3,200,360도 전방면,30,2017-09,031-310-3702,37.4453215,126.7872446,2017-01-01
경기도 시흥시청,,경기도 시흥시 정왕2동 1870-2,생활방범,2,200,360도 전방면,30,2017-09,031-310-3702,37.3533321,126.7319209,2017-01-01
경기도 시흥시청,,경기도 시흥시 하중동 880-2,기타,3,130,360도 전방면,30,2017-12,031-310-3702,37.3908603,126.8052991,2017-01-01
경기도 시흥시청,경기도 시흥시 시청로72번길 25-6,경기도 시흥시 장현동 529-1,기타,3,130,360도 전방면,30,2017-12,031-310-3702,37.3825827,126.801527,2017-01-01
경기도 시흥시청,,경기도 시흥시 장곡동 798-2,기타,3,130,360도 전방면,30,2017-12,031-310-3702,37.3811398,126.7806879,2017-01-01
경기도 시흥시청,,경기도 시흥시 능곡동 766,기타,3,130,360도 전방면,30,2017-12,031-310-3702,37.3678894,126.8137471,2017-01-01
경기도 시흥시청,경기도 시흥시 대골길 47-6,경기도 시흥시 대야동 459,기타,2,130,360도 전방면,30,2017-06,031-310-3702,37.446738,126.7883028,2017-01-01
경기도 시흥시청,,경기도 시흥시 대야동 569-2,기타,2,130,360도 전방면,30,2017-06,031-310-3702,37.4474633,126.7958837,2017-01-01
경기도 시흥시청,,경기도 시흥시 신천동 518-5,기타,2,130,360도 전방면,30,2017-06,031-310-3702,37.4349105,126.775275,2017-01-01
경기도 시흥시청,,경기도 시흥시 미산동 350-16,기타,2,130,360도 전방면,30,2017-06,031-310-3702,37.4202973,126.7954388,2017-01-01
경기도 시흥시청,,경기도 시흥시 은행동 551,기타,2,130,360도 전방면,30,2017-06,031-310-3702,37.4414053,126.7940246,2017-01-01
경기도 시흥시청,경기도 시흥시 군자로465번안길 10,경기도 시흥시 거모동 1722-2,기타,2,130,360도전방면,30,2017-06,031-310-3702,37.3485293,126.7839667,2017-01-01
경기도 시흥시청,,경기도 시흥시 거모동 산 27-1 일원,기타,2,130,360도전방면,30,2017-06,031-310-3702,37.3455875,126.7864355,2017-01-01
경기도 시흥시청,,경기도 시흥시 정왕1동 1368,기타,2,130,360도 전방면,30,2017-06,031-310-3702,37.3333599,126.7255835,2017-01-01
경기도 시흥시청,,경기도 시흥시 정왕2동 1845-1,기타,2,130,360도 전방면,30,2017-06,031-310-3702,37.348971,126.7353675,2017-01-01
경기도 시흥시청,경기도 시흥시 관곡지로40번길 15,경기도 시흥시 하중동 826-2,기타,2,130,360도 전방면,30,2017-06,031-310-3702,37.3995832,126.8006345,2017-01-01
경기도 시흥시청,,경기도 시흥시 하상동 산 11-3,기타,2,130,360도 전방면,30,2017-06,031-310-3702,37.390501,126.810517,2017-01-01
경기도 시흥시청,,경기도 시흥시 능곡동 495,기타,2,130,360도 전방면,30,2017-06,031-310-3702,37.3736639,126.8131568,2017-01-01
경기도 시흥시청,,경기도 시흥시 정왕3동 정왕동 2202-5,교통정보수집,2,130,고정촬영,30,2017-12,031-310-3702,37.334978,126.6914773,2017-01-01
경기도 시흥시청,경기도 시흥시 찬우물1길 26,경기도 시흥시 은행동 350-4번지,생활방범,3,200,360도 전방면,30,2017-09,031-310-3702,37.4257657,126.7950509,2017-01-01
경기도 시흥시청,경기도 시흥시 복지로 29-3,경기도 시흥시 대야동 501,생활방범,3,200,360도 전방면,30,2017-09,031-310-3702,37.4422412,126.7878524,2017-01-01
경기도 시흥시청,,경기도 시흥시 매화동 66-1번지,생활방범,3,200,360도 전방면,30,2017-09,031-310-3702,37.4182168,126.8119374,2017-01-01
경기도 시흥시청,경기도 시흥시 계수로229번길 32-2,경기도 시흥시 계수동 141,생활방범,3,200,360도 전방면,30,2017-09,031-310-3702,37.4541265,126.8206842,2017-01-01
경기도 시흥시청,경기도 시흥시 은행로 179,경기도 시흥시 대야동 대야동 571-1번지,기타,4,200,360도 전방면,30,2017-09,031-310-3702,37.445961,126.7972439,2017-01-01
경기도 시흥시청,경기도 시흥시 새우개2길 48,경기도 시흥시 포동 20-68번지,생활방범,3,200,360도 전방면,30,2017-09,031-310-3702,37.4040739,126.773053,2017-01-01
경기도 시흥시청,경기도 시흥시 군자로466번길 92,경기도 시흥시 거모동 1754-1,생활방범,2,200,360도 전방면,30,2017-09,031-310-3702,37.3428622,126.7841073,2017-01-01
경기도 시흥시청,,경기도 시흥시 대야동 대야동 500번지,기타,3,200,360도 전방면,30,2017-09,031-310-3702,37.4423215,126.787434,2017-01-01
경기도 시흥시청,경기도 시흥시 은행로 179,경기도 시흥시 대야동 대야동 571-1번지,기타,3,200,360도 전방면,30,2017-09,031-310-3702,37.445961,126.7972439,2017-01-01
경기도 시흥시청,,경기도 시흥시 정왕본동 정왕동 2246-1번지,기타,3,200,360도 전방면,30,2017-09,031-310-3702,37.3570802,126.7523035,2017-01-01
경기도 시흥시청,,경기도 시흥시 정왕본동 정왕동 2322-3번지,기타,2,200,360도 전방면,30,2017-09,031-310-3702,37.351891,126.7438108,2017-01-01
경기도 시흥시청,,경기도 시흥시 정왕1동 정왕동 1607번지,기타,3,200,360도 전방면,30,2017-09,031-310-3702,37.3457239,126.7423648,2017-01-01
경기도 시흥시청,경기도 시흥시 역전로 2,경기도 시흥시 정왕1동 정왕동 2160번지,기타,3,200,360도 전방면,30,2017-09,031-310-3702,37.3383381,126.7561348,2017-01-01
경기도 시흥시청,,경기도 시흥시 정왕2동 정왕동 1845-1번지,기타,3,200,360도 전방면,30,2017-09,031-310-3702,37.348971,126.7353675,2017-01-01
경기도 시흥시청,,경기도 시흥시 정왕2동 정왕동 1845-1번지,기타,2,200,360도 전방면,30,2017-09,031-310-3702,37.348971,126.7353675,2017-01-01
경기도 시흥시청,,경기도 시흥시 장곡동 724-25,기타,3,200,360도 전방면,30,2017-12,031-310-3702,37.3890501,126.7803822,2017-01-01
경기도 시흥시청,경기도 시흥시 복지로91번길 4-2,경기도 시흥시 대야동 443-4,생활방범,3,200,360도 전방면,30,2017-12,031-310-3702,37.4475986,126.7908544,2017-01-01
경기도 시흥시청,경기도 시흥시 정왕천로369번길 30,경기도 시흥시 정왕본동 1569,생활방범,3,200,360도 전방면,30,2017-12,031-310-3702,37.3430839,126.7464705,2017-01-01
경기도 시흥시청,,경기도 시흥시 거모동 1715-1,기타,2,130,360도 전방면,30,2017-12,031-310-3702,37.3490011,126.7857485,2017-01-01
경기도 시흥시청,경기도 시흥시 수인로3413번길 81,경기도 시흥시 신천동  824-21,생활방범,3,200,360도 전방면,30,2017-10,031-310-3702,37.4364611,126.7756884,2017-01-01
경기도 시흥시청,경기도 시흥시 은행로144번길 4,경기도 시흥시 은행동  540-1,생활방범,3,200,360도 전방면,30,2017-10,031-310-3702,37.4437675,126.8001089,2017-01-01
경기도 시흥시청,,경기도 시흥시 정왕본동 1840,생활방범,4,200,360도 전방면,30,2017-10,031-310-3702,37.3491988,126.7409985,2017-01-01
경기도 시흥시청,,경기도 시흥시 신천동 산 15-21,생활방범,3,200,360도 전방면,30,2017-10,031-310-3702,37.444154,126.779609,2017-01-01
경기도 시흥시청,경기도 시흥시 신흥마을3길 8,경기도 시흥시 신천동  815-17,생활방범,3,200,360도 전방면,30,2017-10,031-310-3702,37.4377962,126.7765544,2017-01-01
경기도 시흥시청,경기도 시흥시 시흥대로1056번길 8-2,경기도 시흥시 은행동  323-37,생활방범,3,200,360도 전방면,30,2017-10,031-310-3702,37.430159,126.7929938,2017-01-01
경기도 시흥시청,경기도 시흥시 신흥마을1길 28,경기도 시흥시 신천동  821-5,기타,3,200,360도 전방면,30,2017-10,031-310-3702,37.4370425,126.7781838,2017-01-01
경기도 시흥시청,경기도 시흥시 호현로21번길 42,경기도 시흥시 신천동 701,생활방범,3,200,360도 전방면,30,2017-10,031-310-3702,37.4446536,126.7817206,2017-01-01
경기도 시흥시청,경기도 시흥시 수인로3247번길 120,경기도 시흥시 은행동  318-6,생활방범,3,200,360도 전방면,30,2017-10,031-310-3702,37.4299372,126.7949603,2017-01-01
경기도 시흥시청,경기도 시흥시 다솜마을2길 28-8,경기도 시흥시 정왕본동  1807-4,생활방범,4,200,360도 전방면,30,2017-10,031-310-3702,37.3498065,126.7428022,2017-01-01
경기도 시흥시청,경기도 시흥시 수인로3395번길 56,경기도 시흥시 신천동  835-22,생활방범,3,200,360도 전방면,30,2017-10,031-310-3702,37.4365432,126.7809988,2017-01-01
경기도 시흥시청,경기도 시흥시 은행로65번길 17-20,경기도 시흥시 은행동  109-103,생활방범,3,200,360도 전방면,30,2017-10,031-310-3702,37.4376029,126.7939334,2017-01-01
경기도 시흥시청,경기도 시흥시 봉우재로61번길 14-5,경기도 시흥시 정왕본동  1817-1,생활방범,4,200,360도 전방면,30,2017-10,031-310-3702,37.3488927,126.745198,2017-01-01
경기도 시흥시청,,경기도 시흥시 신천동 558-5,생활방범,3,200,360도 전방면,30,2017-10,031-310-3702,37.4380463,126.775435,2017-01-01
경기도 시흥시청,경기도 시흥시 수인로3381번길 32-1,경기도 시흥시 신천동  840-5,생활방범,3,200,360도 전방면,30,2017-10,031-310-3702,37.4382394,126.782248,2017-01-01
경기도 시흥시청,,경기도 시흥시 은행동 538-4,기타,3,200,360도 전방면,30,2017-10,031-310-3702,37.442269,126.7984405,2017-01-01
경기도 시흥시청,,경기도 시흥시 신천동 793,생활방범,3,200,360도 전방면,30,2017-10,031-310-3702,37.4404892,126.7856313,2017-01-01
경기도 시흥시청,경기도 시흥시 은행로 60,경기도 시흥시 은행동 107,생활방범,3,200,360도 전방면,30,2017-10,031-310-3702,37.4372651,126.7965219,2017-01-01
경기도 시흥시청,,경기도 시흥시 월곶동 520-125,교통정보수집,2,130,고정촬영,30,2017-09,031-310-3702,37.3966583,126.742471,2017-01-01
경기도 시흥시청,,경기도 시흥시 포동 20-33,기타,3,200,시설물관리,30,2017-01,031-310-4365,37.4058256,126.7845455,2017-01-01
경기도 시흥시청,경기도 시흥시 호현로85번길 4-1,경기도 시흥시 대야동 461-28,생활방범,1,200,360도 전방면,30,2017-02,031-310-3702,37.4472407,126.787273,2017-01-01
경기도 시흥시청,경기도 시흥시 문화마을로16번길 51-21,경기도 시흥시 대야동 481,생활방범,1,200,360도 전방면,30,2017-02,031-310-3702,37.4460729,126.7842704,2017-01-01
경기도 시흥시청,,경기도 시흥시 대야동 493-7,생활방범,1,200,360도 전방면,30,2017-02,031-310-3702,37.4435456,126.7867186,2017-01-01
경기도 시흥시청,경기도 시흥시 뱀내장터로25번길 15-1,경기도 시흥시 대야동 491-29,생활방범,1,200,360도 전방면,30,2017-02,031-310-3702,37.442962,126.7878277,2017-01-01
경기도 시흥시청,경기도 시흥시 호현로27번길 19-3,경기도 시흥시 신천동 703-15,어린이보호,1,200,360도 전방면,30,2017-02,031-310-3702,37.4432951,126.7827982,2017-01-01
경기도 시흥시청,경기도 시흥시 수인로3381번길 26,경기도 시흥시 신천동 758-5,생활방범,1,200,360도 전방면,30,2017-02,031-310-3702,37.4389332,126.782246,2017-01-01
경기도 시흥시청,,경기도 시흥시 조남동 177-11,생활방범,1,200,360도 전방면,30,2017-02,031-310-3702,37.382081,126.8582659,2017-01-01
경기도 시흥시청,경기도 시흥시 역전로 193,경기도 시흥시 정왕본동 1162-4,생활방범,1,200,360도 전방면,30,2017-02,031-310-3702,37.3475589,126.7492203,2017-01-01
경기도 시흥시청,경기도 시흥시 정왕천로423번길 1,경기도 시흥시 정왕본동 1195-1,생활방범,1,200,360도 전방면,30,2017-02,031-310-3702,37.3451153,126.7525803,2017-01-01
경기도 시흥시청,경기도 시흥시 정왕천로414번길 11,경기도 시흥시 정왕본동 1513-5,생활방범,1,200,360도 전방면,30,2017-02,031-310-3702,37.3439451,126.7531146,2017-01-01
경기도 시흥시청,,경기도 시흥시 정왕본동 2349-1,생활방범,1,200,360도 전방면,30,2017-02,031-310-3702,37.3528047,126.7459182,2017-01-01
경기도 시흥시청,경기도 시흥시 큰솔로7번안길 17-2,경기도 시흥시 정왕1동 1412-7,생활방범,1,200,360도 전방면,30,2017-02,031-310-3702,37.340499,126.7511399,2017-01-01
경기도 시흥시청,경기도 시흥시 큰솔로12번안길 10-6,경기도 시흥시 정왕1동 1422,생활방범,1,200,360도 전방면,30,2017-02,031-310-3702,37.3387011,126.7530868,2017-01-01
경기도 시흥시청,경기도 시흥시 옥터로19번길 12,경기도 시흥시 정왕3동 1987-2,어린이보호,1,200,360도 전방면,30,2017-02,031-310-3702,37.3453343,126.6928678,2017-01-01
경기도 시흥시청,,경기도 시흥시 능곡동 712,생활방범,1,200,360도 전방면,30,2017-02,031-310-3702,37.3658852,126.8169355,2017-01-01
경기도 시흥시청,,경기도 시흥시 미산동 산12-6(1),기타,1,41,360도 전방면,30,2017-03,031-310-3702,37.415006,126.7745558,2017-01-01
경기도 시흥시청,경기도 시흥시 큰솔공원로17번길 2,경기도 시흥시 정왕본동 1534-8,생활방범,3,200,360도 전방면,30,2017-03,031-310-3702,37.342339,126.7563023,2017-01-01
경기도 시흥시청,경기도 시흥시 매화로39번길 41,경기도 시흥시 매화동 265-17,생활방범,3,200,360도 전방면,30,2017-03,031-310-3702,37.4136372,126.8160494,2017-01-01
경기도 시흥시청,,경기도 시흥시 정왕2동 1873-1,기타,5,200,360도 전방면,30,2017-03,031-310-3702,37.3582802,126.7326142,2017-01-01
경기도 시흥시청,경기도 시흥시 매화1로22번길 8,경기도 시흥시 매화동 243,생활방범,3,200,360도 전방면,30,2017-03,031-310-3702,37.4157394,126.8121809,2017-01-01
경기도 시흥시청,경기도 시흥시 큰솔로42번길 31,경기도 시흥시 정왕본동 1397-8,생활방범,3,200,360도 전방면,30,2017-03,031-310-3702,37.3393638,126.7554431,2017-01-01
경기도 시흥시청,경기도 시흥시 옥구공원로 361,경기도 시흥시 정왕1동 1784-6,기타,4,200,360도 전방면,30,2017-03,031-310-3702,37.3351669,126.7478063,2017-01-01
경기도 시흥시청,경기도 시흥시 매화2로32번길 4,경기도 시흥시 매화동 368-5,생활방범,3,200,360도 전방면,30,2017-03,031-310-3702,37.4173866,126.8111262,2017-01-01
경기도 시흥시청,경기도 시흥시 대골안길 26-1,경기도 시흥시 대야동 458-3,어린이보호,4,200,360도 전방면,30,2017-03,031-310-3702,37.4470456,126.7889687,2017-01-01
경기도 시흥시청,경기도 시흥시 목감초등길 19,경기도 시흥시 조남동 171-56,생활방범,3,200,360도 전방면,30,2017-03,031-310-3702,37.3836645,126.8572128,2017-01-01
경기도 시흥시청,,경기도 시흥시 목감동 175-3,생활방범,3,200,360도 전방면,30,2017-03,031-310-3702,37.3934705,126.867267,2017-01-01
경기도 시흥시청,경기도 시흥시 정왕대로337번길 38,경기도 시흥시 정왕본동 1498,생활방범,3,200,360도 전방면,30,2017-03,031-310-3702,37.3420852,126.7513377,2017-01-01
경기도 시흥시청,경기도 시흥시 수인로2421번길 7,경기도 시흥시 논곡동 175-21,생활방범,3,200,360도 전방면,30,2017-03,031-310-3702,37.3937187,126.8563464,2017-01-01
경기도 시흥시청,경기도 시흥시 평안상가1길 1,경기도 시흥시 정왕1동 1622,생활방범,3,200,360도 전방면,30,2017-03,031-310-3702,37.338781,126.7482793,2017-01-01
경기도 시흥시청,,경기도 시흥시 과림동 307-5,생활방범,3,200,360도 전방면,30,2017-03,031-310-3702,37.4457093,126.8314628,2017-01-01
경기도 시흥시청,경기도 시흥시 정왕신길로139번길 24,경기도 시흥시 정왕본동 1394-1,생활방범,3,200,360도 전방면,30,2017-03,031-310-3702,37.3546665,126.7362841,2017-01-01
경기도 시흥시청,,경기도 시흥시 정왕2동 1959,생활방범,3,200,360도 전방면,30,2017-03,031-310-3702,37.3431961,126.7321153,2017-01-01
경기도 시흥시청,경기도 시흥시 금오로 371,경기도 시흥시 과림동 489-3,생활방범,3,200,360도 전방면,30,2017-03,031-310-3702,37.4359628,126.8330669,2017-01-01
경기도 시흥시청,경기도 시흥시 옥구상가1길 23,경기도 시흥시 정왕3동 1853-1,생활방범,3,200,360도 전방면,30,2017-03,031-310-3702,37.3530556,126.7215833,2017-01-01
경기도 시흥시청,경기도 시흥시 오이도중앙로5번길 14-14,경기도 시흥시 정왕3동 1983-7,생활방범,3,200,360도 전방면,30,2017-03,031-310-3702,37.3462232,126.6917018,2017-01-01
경기도 시흥시청,경기도 시흥시 군서로18번길 10-1,경기도 시흥시 정왕본동 1199,생활방범,3,200,360도 전방면,30,2017-10,031-310-3702,37.3450564,126.7503347,2017-01-01
경기도 시흥시청,경기도 시흥시 한우물로21번길 30,경기도 시흥시 거모동  1739-1,기타,3,200,360도 전방면,30,2017-10,031-310-3702,37.3439464,126.7809104,2017-01-01
경기도 시흥시청,경기도 시흥시 시흥대로1073번길 33,경기도 시흥시 신천동  874-1,생활방범,3,200,360도 전방면,30,2017-10,031-310-3702,37.4319627,126.7889326,2017-01-01
경기도 시흥시청,경기도 시흥시 삼미시장1길 37,경기도 시흥시 신천동 743-2,생활방범,3,200,360도 전방면,30,2017-10,031-310-3702,37.4408798,126.7824662,2017-01-01
경기도 시흥시청,,경기도 시흥시 포동 341-2,생활방범,3,200,360도 전방면,30,2017-10,031-310-3702,37.4080745,126.7874644,2017-01-01
경기도 시흥시청,경기도 시흥시 정왕천로447번길 1,경기도 시흥시 정왕본동  1167-4,생활방범,4,200,360도 전방면,30,2017-10,031-310-3702,37.3468308,126.7542787,2017-01-01
경기도 시흥시청,경기도 시흥시 군자로466번길 92,경기도 시흥시 거모동  1754-1,기타,3,200,360도 전방면,30,2017-10,031-310-3702,37.3428622,126.7841073,2017-01-01
경기도 시흥시청,경기도 시흥시 수인로3381번길 14-1,경기도 시흥시 신천동 741-14,생활방범,3,200,360도 전방면,30,2017-10,031-310-3702,37.4399065,126.7823787,2017-01-01
경기도 시흥시청,,경기도 시흥시 미산동 325-1,생활방범,3,200,360도 전방면,30,2017-10,031-310-3702,37.416991,126.7950526,2017-01-01
경기도 시흥시청,경기도 시흥시 군자로534번안길 6-6,경기도 시흥시 거모동  1768-5,기타,3,200,360도 전방면,30,2017-10,031-310-3702,37.3421099,126.7866034,2017-01-01
경기도 시흥시청,경기도 시흥시 신천로19번안길 8,경기도 시흥시 신천동  887-5,생활방범,3,200,360도 전방면,30,2017-10,031-310-3702,37.4313275,126.7914087,2017-01-01
경기도 시흥시청,경기도 시흥시 정왕대로337번안길 3-17,경기도 시흥시 정왕1동  1413-1,생활방범,4,200,360도 전방면,30,2017-10,031-310-3702,37.3405598,126.7500563,2017-01-01
경기도 시흥시청,,경기도 시흥시 거모동  1735-3,기타,3,200,360도 전방면,30,2017-10,031-310-3702,37.3449148,126.783221,2017-01-01
경기도 시흥시청,경기도 시흥시 신천로104번길 24,경기도 시흥시 신천동 779,생활방범,3,200,360도 전방면,30,2017-10,031-310-3702,37.438522,126.7889365,2017-01-01
경기도 시흥시청,,경기도 시흥시 정왕본동  2253-4,기타,3,200,360도 전방면,30,2017-10,031-310-3702,37.3586624,126.754917,2017-01-01
경기도 시흥시청,,경기도 시흥시 매화동  99-3,생활방범,3,200,360도 전방면,30,2017-10,031-310-3702,37.4172975,126.8174072,2017-01-01
경기도 시흥시청,,경기도 시흥시 대야동  420-80,생활방범,3,200,360도 전방면,30,2017-10,031-310-3702,37.4511801,126.7884145,2017-01-01
경기도 시흥시청,,경기도 시흥시 도창동 206-2,생활방범,3,200,360도 전방면,30,2017-10,031-310-3702,37.4040244,126.822432,2017-01-01
경기도 시흥시청,경기도 시흥시 봉우재로37번길 10,경기도 시흥시 정왕1동 1598-7,생활방범,4,200,360도 전방면,30,2017-10,031-310-3702,37.3467267,126.7435802,2017-01-01
경기도 시흥시청,경기도 시흥시 오이도5길 21,경기도 시흥시 정왕3동 2026-10,생활방범,3,200,360도 전방면,30,2017-03,031-310-3702,37.3423586,126.6885579,2017-01-01
경기도 시흥시청,,경기도 시흥시 하상동 379,생활방범,3,200,360도 전방면,30,2017-03,031-310-3702,37.390469,126.8139388,2017-01-01
경기도 시흥시청,경기도 시흥시 오이도로 137,경기도 시흥시 정왕3동 1973-24,생활방범,3,200,360도 전방면,30,2017-03,031-310-3702,37.3481351,126.6889514,2017-01-01
경기도 시흥시청,경기도 시흥시 소래산길 11,경기도 시흥시 대야동332-1,시설물관리,110,0,"ABC타운 외,내부",,2017-05,031-310-2063,37.4491015,126.7849623,2017-01-01
경기도 시흥시청,,경기도 시흥시 과림동 146-6,시설물관리,1,200,360도 전방면,30,2017-05,031-310-6073,37.4503776,126.8386285,2017-01-01
경기도 시흥시청,,경기도 시흥시 물왕동 337-1,시설물관리,1,200,고정형,30,2017-05,031-310-6073,37.3833845,126.8299111,2017-01-01
경기도 시흥시청,,경기도 시흥시 하중동 146-4,시설물관리,1,200,360도 전방면,30,2017-05,031-310-6073,37.4044425,126.797075,2017-01-01
경기도 시흥시청,,경기도 시흥시 정왕동 2155,시설물관리,1,200,고정형,30,2017-05,031-310-6073,37.3383326,126.757805,2017-01-01
경기도 시흥시청,,경기도 시흥시 월곶동 산26-6,생활방범,3,200,360도 전방면,30,2017-06,031-310-3702,37.374522,126.773527,2017-01-01
경기도 시흥시청,경기도 시흥시 경기과기대로 140,경기도 시흥시 정왕1동 1285,생활방범,3,200,360도 전방면,30,2017-06,031-310-3702,37.3282567,126.7279716,2017-01-01
경기도 시흥시청,경기도 시흥시 금화로627번길 8,경기도 시흥시 금이동 296-2,생활방범,3,200,360도 전방면,30,2017-06,031-310-3702,37.3983303,126.8348007,2017-01-01
경기도 시흥시청,,경기도 시흥시 거모동 1678-80,생활방범,3,200,360도 전방면,30,2017-12,031-310-3702,37.3392013,126.7875258,2017-01-01
경기도 시흥시청,경기도 시흥시 장곡로54번길 27,경기도 시흥시 장곡동 795-6,어린이보호,1,200,360도 전방면,30,2017-03,031-310-3702,37.3818008,126.782436,2017-01-01
경기도 시흥시청,경기도 시흥시 대골안길 26-10,경기도 시흥시 대야동 457-12,어린이보호,1,200,360도 전방면,30,2017-03,031-310-3702,37.4474594,126.7886059,2017-01-01
경기도 시흥시청,경기도 시흥시 신천로7번길 12,경기도 시흥시 신천동 885-1,어린이보호,1,200,360도 전방면,30,2017-03,031-310-3702,37.4325438,126.7913601,2017-01-01
경기도 시흥시청,경기도 시흥시 문화마을로16번길 36,경기도 시흥시 대야동 483-2,어린이보호,1,200,360도 전방면,30,2017-03,031-310-3702,37.444684,126.7835512,2017-01-01
경기도 시흥시청,경기도 시흥시 황고개로 567,경기도 시흥시 장곡동 827,어린이보호,1,200,360도 전방면,30,2017-03,031-310-3702,37.3806397,126.7879945,2017-01-01
경기도 시흥시청,경기도 시흥시 포도원로 88,경기도 시흥시 신천동 203,어린이보호,1,200,360도 전방면,30,2017-03,031-310-3702,37.434881,126.7829358,2017-01-01
경기도 시흥시청,경기도 시흥시 나분들길 44,경기도 시흥시 광석동  96-1,어린이보호,1,200,360도 전방면,30,2017-03,031-310-3702,37.3875571,126.8185983,2017-01-01
경기도 시흥시청,경기도 시흥시 윗대야2길 17,경기도 시흥시 대야동 121-1,어린이보호,1,200,360도 전방면,30,2017-03,031-310-3702,37.4547366,126.7870255,2017-01-01
경기도 시흥시청,경기도 시흥시 정왕대로118번길 27,경기도 시흥시 정왕2동 1848-1,어린이보호,1,200,360도 전방면,30,2017-03,031-310-3702,37.3491406,126.7272748,2017-01-01
경기도 시흥시청,경기도 시흥시 신천천동로51번길 22,경기도 시흥시 신천동  845-10,어린이보호,1,200,360도 전방면,30,2017-03,031-310-3702,37.4357921,126.7840743,2017-01-01
경기도 시흥시청,경기도 시흥시 호현로34번안길 16,경기도 시흥시 대야동 493-2,어린이보호,1,200,360도 전방면,30,2017-03,031-310-3702,37.4439057,126.786582,2017-01-01
경기도 시흥시청,경기도 시흥시 하중로231번길 11,경기도 시흥시 하중동  871-6,어린이보호,1,200,360도 전방면,30,2017-03,031-310-3702,37.3915215,126.8073526,2017-01-01
경기도 시흥시청,경기도 시흥시 포도원로 96,경기도 시흥시 신천동 213,어린이보호,1,130,360도 전방면,30,2017-03,031-310-3702,37.4341888,126.7843502,2017-01-01
경기도 시흥시청,,경기도 시흥시 도창동 378-6,생활방범,3,200,360도 전방면,30,2017-10,031-310-3702,37.4096904,126.8157994,2017-01-01
경기도 시흥시청,경기도 시흥시 봉우재로23번안길 13-1,경기도 시흥시 정왕1동 1612-11,생활방범,4,200,360도 전방면,30,2017-10,031-310-3702,37.3460008,126.7412466,2017-01-01
경기도 시흥시청,경기도 시흥시 정왕대로298번길 36,경기도 시흥시 정왕1동  1787-4,기타,4,200,360도 전방면,30,2017-10,031-310-3702,37.3392528,126.7415295,2017-01-01
경기도 시흥시청,,경기도 시흥시 산현동  산 69-11,생활방범,3,200,360도 전방면,30,2017-10,031-310-3702,37.375503,126.831329,2017-01-01
경기도 시흥시청,경기도 시흥시 군서마을로 66,경기도 시흥시 정왕본동 1838-9,생활방범,3,200,360도 전방면,30,2017-10,031-310-3702,37.3468654,126.745171,2017-01-01
경기도 시흥시청,,경기도 시흥시 정왕1동 1569-10,기타,3,200,360도 전방면,30,2017-10,031-310-3702,37.3423662,126.7479174,2017-01-01
경기도 시흥시청,,경기도 시흥시 정왕3동  1866-5,생활방범,3,200,360도 전방면,30,2017-10,031-310-3702,37.3567522,126.726423,2017-01-01
경기도 시흥시청,,경기도 시흥시 정왕1동  1800-5,기타,3,200,360도 전방면,30,2017-10,031-310-3702,37.3483318,126.7400535,2017-01-01
경기도 시흥시청,,경기도 시흥시 대야동  332-108,생활방범,3,200,360도 전방면,30,2017-10,031-310-3702,37.4487156,126.7857997,2017-01-01
경기도 시흥시청,경기도 시흥시 오이도어시장로 19,경기도 시흥시 정왕3동  1995-8,생활방범,3,200,360도 전방면,30,2017-10,031-310-3702,37.3447228,126.6899248,2017-01-01
경기도 시흥시청,,경기도 시흥시 정왕4동 1878-6,기타,3,200,360도 전방면,30,2017-10,031-310-3702,37.3657206,126.7357257,2017-01-01
경기도 시흥시청,,경기도 시흥시 거모동  1424-3,생활방범,3,200,360도 전방면,30,2017-10,031-310-3702,37.3489757,126.7866402,2017-01-01
경기도 시흥시청,,경기도 시흥시 정왕4동  1878-1,생활방범,3,200,360도 전방면,30,2017-10,031-310-3702,37.3660275,126.7319994,2017-01-01
경기도 시흥시청,,경기도 시흥시 정왕4동  1876-5,기타,3,200,360도 전방면,30,2017-10,031-310-3702,37.3609446,126.7314759,2017-01-01
경기도 시흥시청,,경기도 시흥시 매화동  238-13,생활방범,3,200,360도 전방면,30,2017-10,031-310-3702,37.4149372,126.8119909,2017-01-01
경기도 시흥시청,,경기도 시흥시 정왕4동 1889,생활방범,3,200,360도 전방면,30,2017-10,031-310-3702,37.3642497,126.7387224,2017-01-01
경기도 시흥시청,,경기도 시흥시 하상동 367,기타,3,200,360도 전방면,30,2017-10,031-310-3702,37.3955819,126.8109333,2017-01-01
경기도 시흥시청,경기도 시흥시 복지로 57,경기도 시흥시 대야동 469,생활방범,3,200,360도 전방면,30,2017-10,031-310-3702,37.4444603,126.7893264,2017-01-01
경기도 시흥시청,경기도 시흥시 상직길 3,경기도 시흥시 하상동 380-1,생활방범,3,200,360도 전방면,30,2017-10,031-310-3702,37.3905568,126.8125157,2017-01-01
경기도 시흥시청,경기도 시흥시 하상로 14-9,경기도 시흥시 하상동 372,기타,3,200,360도 전방면,30,2017-10,031-310-3702,37.3916952,126.8144664,2017-01-01
경기도 시흥시청,,경기도 시흥시 거모동  1678-72,생활방범,3,200,360도 전방면,30,2017-10,031-310-3702,37.3426456,126.7888589,2017-01-01
경기도 시흥시청,,경기도 시흥시 미산동 산12-6(2),기타,1,41,360도 전방면,30,2017-03,031-310-3702,37.415006,126.7745558,2017-01-01
경기도 시흥시청,,경기도 시흥시 미산동 산12-6(3),기타,1,41,360도 전방면,30,2017-03,031-310-3702,37.415006,126.7745558,2017-01-01
경기도 시흥시청,,경기도 시흥시 미산동 산12-6(4),기타,1,41,360도 전방면,30,2017-03,031-310-3702,37.415006,126.7745558,2017-01-01
경기도 시흥시청,,경기도 시흥시 거모동 1349-1(1),기타,1,41,360도 전방면,30,2017-04,031-310-3702,37.3463615,126.7810838,2017-01-01
경기도 시흥시청,,경기도 시흥시 거모동 1349-1(2),기타,1,41,360도 전방면,30,2017-04,031-310-3702,37.3463615,126.7810838,2017-01-01
경기도 시흥시청,,경기도 시흥시 거모동 1349-1(3),기타,1,41,360도 전방면,30,2017-04,031-310-3702,37.3463615,126.7810838,2017-01-01
경기도 시흥시청,,경기도 시흥시 방산동 1011-1,시설물관리,4,200,360도 전방면,30,2017-06,031-310-6073,37.4142455,126.7548355,2017-01-01
경기도 시흥시청,경기도 시흥시 복지로91번길 10-6,경기도 시흥시 대야동 443,생활방범,1,200,360도 전방면,30,2017-06,031-310-3702,37.4480761,126.7908304,2017-01-01
경기도 시흥시청,경기도 시흥시 봉우순환로3번길 21,경기도 시흥시 정왕본동 2255-1,생활방범,1,41,360도 전방면,30,2017-06,031-310-3702,37.3582471,126.7545007,2017-01-01
경기도 시흥시청,경기도 시흥시 큰솔로96번길 25,경기도 시흥시 정왕본동 1536,생활방범,1,41,360도 전방면,30,2017-06,031-310-3702,37.3428106,126.7577791,2017-01-01
경기도 시흥시청,경기도 시흥시 마유로446번길 12,경기도 시흥시 정왕본동 2308-1,생활방범,1,41,360도 전방면,30,2017-06,031-310-3702,37.3536642,126.7434435,2017-01-01
경기도 시흥시청,경기도 시흥시 신흥마을1길 28,경기도 시흥시 신천동 821-5,생활방범,1,200,360도 전방면,30,2017-06,031-310-3702,37.4370425,126.7781838,2017-01-01
경기도 시흥시청,경기도 시흥시 신천천서로 34,경기도 시흥시 신천동 761-14,생활방범,1,200,360도 전방면,30,2017-06,031-310-3702,37.438161,126.7831296,2017-01-01
경기도 시흥시청,경기도 시흥시 큰솔로56번길 9-11,경기도 시흥시 정왕본동 1548,생활방범,1,41,360도 전방면,30,2017-06,031-310-3702,37.3421919,126.7549147,2017-01-01
경기도 시흥시청,경기도 시흥시 마유로423번길 12-1,경기도 시흥시 정왕본동 2298-7,생활방범,1,41,360도 전방면,30,2017-06,031-310-3702,37.3529174,126.7398343,2017-01-01
경기도 시흥시청,,경기도 시흥시 정왕본동 1542-5,생활방범,1,200,360도 전방면,30,2017-06,031-310-3702,37.3416715,126.7559659,2017-01-01
경기도 시흥시청,경기도 시흥시 수인로3402번길 24-1,경기도 시흥시 신천동 314-23,생활방범,1,200,360도 전방면,30,2017-06,031-310-3702,37.443877,126.7807963,2017-01-01
경기도 시흥시청,경기도 시흥시 마유로443번길 31,경기도 시흥시 정왕본동 2293-1,생활방범,1,41,360도 전방면,30,2017-06,031-310-3702,37.3542755,126.738746,2017-01-01
경기도 시흥시청,경기도 시흥시 신천8길 9,경기도 시흥시 신천동 836-1,생활방범,1,200,360도 전방면,30,2017-06,031-310-3702,37.436244,126.779994,2017-01-01
경기도 시흥시청,경기도 시흥시 수인로3395번길 32,경기도 시흥시 신천동 752-14,생활방범,1,200,360도 전방면,30,2017-06,031-310-3702,37.4387417,126.7809923,2017-01-01
경기도 시흥시청,경기도 시흥시 정왕대로143번길 15,경기도 시흥시 정왕2동 1871-4,어린이보호,1,200,360도 전방면,30,2017-03,031-310-3702,37.3518626,126.7315876,2017-01-01
경기도 시흥시청,경기도 시흥시 계수로 203,경기도 시흥시 계수동 145-1,어린이보호,1,200,360도 전방면,30,2017-03,031-310-3702,37.452964,126.820574,2017-01-01
경기도 시흥시청,경기도 시흥시 역전로 455,경기도 시흥시 정왕4동 1878-10,어린이보호,1,200,360도 전방면,30,2017-03,031-310-3702,37.3648872,126.7377493,2017-01-01
경기도 시흥시청,경기도 시흥시 하중로209번길 10,경기도 시흥시 하중동 863,어린이보호,1,200,360도 전방면,30,2017-03,031-310-3702,37.3929173,126.8069086,2017-01-01
경기도 시흥시청,경기도 시흥시 군자로465번길 7,경기도 시흥시 거모동 1379,어린이보호,1,200,360도 전방면,30,2017-03,031-310-3702,37.3486969,126.7820475,2017-01-01
경기도 시흥시청,경기도 시흥시 하중로173번길 11,경기도 시흥시 하중동 849,어린이보호,1,200,360도 전방면,30,2017-03,031-310-3702,37.3960479,126.8039416,2017-01-01
경기도 시흥시청,,경기도 시흥시 신천동 447,어린이보호,1,200,360도 전방면,30,2017-03,031-310-3702,37.4389869,126.777274,2017-01-01
경기도 시흥시청,경기도 시흥시 옥구천동로 433-25,경기도 시흥시 정왕4동 1875-3,어린이보호,1,200,360도 전방면,30,2017-03,031-310-3702,37.3599407,126.7298315,2017-01-01
경기도 시흥시청,경기도 시흥시 상직길 47,경기도 시흥시 하상동  378-4,어린이보호,1,200,360도 전방면,30,2017-03,031-310-3702,37.3904166,126.8149891,2017-01-01
경기도 시흥시청,경기도 시흥시 한우물로21번길 30,경기도 시흥시 거모동 1739-1,어린이보호,1,200,360도 전방면,30,2017-03,031-310-3702,37.3439464,126.7809104,2017-01-01
경기도 시흥시청,경기도 시흥시 옥구천동로 433-11,경기도 시흥시 정왕2동 1875-4,어린이보호,1,200,360도 전방면,30,2017-03,031-310-3702,37.3591687,126.7310872,2017-01-01
경기도 시흥시청,,경기도 시흥시 포동 13-3,어린이보호,1,130,360도 전방면,30,2017-03,031-310-3702,37.4073275,126.7830502,2017-01-01
경기도 시흥시청,경기도 시흥시 정왕대로53번길 14,경기도 시흥시 정왕3동 1867-2,어린이보호,1,200,360도 전방면,30,2017-03,031-310-3702,37.3558565,126.7248348,2017-01-01
경기도 시흥시청,,경기도 시흥시 장곡동 796,기타,3,200,360도 전방면,30,2017-10,031-310-3702,37.3810531,126.7824947,2017-01-01
경기도 시흥시청,,경기도 시흥시 대야동  296-21,생활방범,3,200,360도 전방면,30,2017-10,031-310-3702,37.4496255,126.7906565,2017-01-01
경기도 시흥시청,경기도 시흥시 승지로69번길 5,경기도 시흥시 능곡동 514,생활방범,3,200,360도 전방면,30,2017-10,031-310-3702,37.3700816,126.8098806,2017-01-01
경기도 시흥시청,,경기도 시흥시 거모동  1773-1,생활방범,3,200,360도 전방면,30,2017-10,031-310-3702,37.3412781,126.7850485,2017-01-01
경기도 시흥시청,경기도 시흥시 능곡로 178,경기도 시흥시 능곡동 755,생활방범,3,200,360도 전방면,30,2017-10,031-310-3702,37.3680567,126.8113534,2017-01-01
경기도 시흥시청,,경기도 시흥시 은행동  252-64,생활방범,3,200,360도 전방면,30,2017-10,031-310-3702,37.4336618,126.7969386,2017-01-01
경기도 시흥시청,,경기도 시흥시 거모동 1856,생활방범,3,200,360도 전방면,30,2017-10,031-310-3702,37.3377812,126.7845282,2017-01-01
경기도 시흥시청,,경기도 시흥시 매화동 436,생활방범,3,200,360도 전방면,30,2017-10,031-310-3702,37.4152707,126.8065454,2017-01-01
경기도 시흥시청,경기도 시흥시 대골길 19,경기도 시흥시 대야동  444-5,생활방범,3,200,360도 전방면,30,2017-10,031-310-3702,37.4488769,126.7902405,2017-01-01
경기도 시흥시청,,경기도 시흥시 거모동  1668-7,생활방범,3,200,360도 전방면,30,2017-10,031-310-3702,37.3387016,126.7852703,2017-01-01
경기도 시흥시청,경기도 시흥시 정왕천로355번길 22,경기도 시흥시 정왕1동  1437-7,생활방범,3,200,360도 전방면,30,2017-10,031-310-3702,37.3416147,126.7461933,2017-01-01
경기도 시흥시청,경기도 시흥시 대골길 23,경기도 시흥시 대야동 446,생활방범,3,200,360도 전방면,30,2017-10,031-310-3702,37.4485155,126.7896878,2017-01-01
경기도 시흥시청,경기도 시흥시 금오로368번길 57,경기도 시흥시 과림동  577-6,생활방범,3,200,360도 전방면,30,2017-10,031-310-3702,37.4329348,126.8390169,2017-01-01
경기도 시흥시청,경기도 시흥시 뱀내장터로19번길 22-1,경기도 시흥시 대야동 491,생활방범,3,200,360도 전방면,30,2017-10,031-310-3702,37.4435478,126.787939,2017-01-01
경기도 시흥시청,,경기도 시흥시 군자동  348-4,생활방범,3,200,360도 전방면,30,2017-10,031-310-3702,37.3606364,126.7874985,2017-01-01
경기도 시흥시청,,경기도 시흥시 과림동  354-5,생활방범,3,200,360도 전방면,30,2017-10,031-310-3702,37.4429876,126.831017,2017-01-01
경기도 시흥시청,,경기도 시흥시 대야동 274-23,생활방범,3,200,360도 전방면,30,2017-10,031-310-3702,37.4497123,126.7938545,2017-01-01
경기도 시흥시청,경기도 시흥시 군자로477번길 6,경기도 시흥시 거모동 1725-7,생활방범,3,200,360도 전방면,30,2017-10,031-310-3702,37.3474211,126.7839925,2017-01-01
경기도 시흥시청,,경기도 시흥시 과림동 69,생활방범,3,200,360도 전방면,30,2017-10,031-310-3702,37.4547389,126.8325498,2017-01-01
경기도 시흥시청,,경기도 시흥시 대야동  282-1,생활방범,3,200,360도 전방면,30,2017-10,031-310-3702,37.4486288,126.7925805,2017-01-01
경기도 시흥시청,경기도 시흥시 방산가마터길 34,경기도 시흥시 방산동 395-1,생활방범,3,200,360도 전방면,30,2017-06,031-310-3702,37.417461,126.7721083,2017-01-01
경기도 시흥시청,경기도 시흥시 큰솔로41번길 11-2,경기도 시흥시 정왕동 1411-1,쓰레기단속,1,200,쓰레기투기지역,7,2017-07,031-310-3108,37.3417245,126.7511922,2017-01-01
경기도 시흥시청,경기도 시흥시 정왕천로375번길 19,경기도 시흥시 정왕동 1569-9,쓰레기단속,1,200,쓰레기투기지역,7,2017-07,031-310-3108,37.3425547,126.7475782,2017-01-01
경기도 시흥시청,경기도 시흥시 봉우재로30번길 3-2,경기도 시흥시 정왕동 1577-2,쓰레기단속,1,200,쓰레기투기지역,7,2017-07,031-310-3108,37.3452243,126.7446349,2017-01-01
경기도 시흥시청,경기도 시흥시 정왕천로443번길 10,경기도 시흥시 정왕동 1166-4,쓰레기단속,1,200,쓰레기투기지역,7,2017-07,031-310-3108,37.3472523,126.7533632,2017-01-01
경기도 시흥시청,경기도 시흥시 정왕천로423번길 1,경기도 시흥시 정왕동 1195-1,쓰레기단속,1,200,쓰레기투기지역,7,2017-07,031-310-3108,37.3451153,126.7525803,2017-01-01
경기도 시흥시청,경기도 시흥시 큰솔로66번길 3-1,경기도 시흥시 정왕동 1545-2,쓰레기단속,1,200,쓰레기투기지역,7,2017-07,031-310-3108,37.3426959,126.7546422,2017-01-01
경기도 시흥시청,경기도 시흥시 오이도중앙로5번길 10-9,경기도 시흥시 정왕동 1983-10,쓰레기단속,1,41,쓰레기투기지역,30,2017-09,031-310-3108,37.3465565,126.6916665,2017-01-01
경기도 시흥시청,,경기도 시흥시 하중동 879,쓰레기단속,1,41,쓰레기투기지역,30,2017-09,031-310-3108,37.3916062,126.8041002,2017-01-01
경기도 시흥시청,경기도 시흥시 오동마을로6번길 41,경기도 시흥시 정왕동 2323-9,쓰레기단속,1,41,쓰레기투기지역,30,2017-09,031-310-3108,37.3513889,126.7453587,2017-01-01
경기도 시흥시청,경기도 시흥시 오이도중앙로 12-1,경기도 시흥시 정왕동 1977-6,쓰레기단속,1,41,쓰레기투기지역,30,2017-09,031-310-3108,37.3470574,126.6902876,2017-01-01
경기도 시흥시청,,경기도 시흥시 산현동 124(피울고개),쓰레기단속,1,41,쓰레기투기지역,30,2017-09,031-310-3108,37.370444,126.841162,2017-01-01
경기도 시흥시청,경기도 시흥시 큰솔로 67-8,경기도 시흥시 정왕본동 1512,쓰레기단속,1,200,쓰레기투기지역,30,2017-12,031-310-3108,37.3437487,126.7539955,2017-01-01
경기도 시흥시청,경기도 시흥시 대은로 12-10,경기도 시흥시 은행동 557-1,생활방범,5,200,360도 전방면,30,2017-12,031-310-3702,37.4397646,126.793498,2017-01-01
경기도 시흥시청,경기도 시흥시 하중로 115,경기도 시흥시 하중동 817-3,생활방범,3,200,360도 전방면,30,2017-12,031-310-3702,37.3998331,126.7992447,2017-01-01
경기도 시흥시청,경기도 시흥시 대골길 47-6,경기도 시흥시 대야동 459,생활방범,5,200,360도 전방면,30,2017-12,031-310-3702,37.446738,126.7883028,2017-01-01
경기도 시흥시청,,경기도 시흥시 금이동 488-3,생활방범,3,200,360도 전방면,30,2017-12,031-310-3702,37.3925847,126.8368462,2017-01-01
경기도 시흥시청,,경기도 시흥시 계수동 산90-6,생활방범,4,200,360도 전방면,30,2017-12,031-310-3702,37.452683,126.802662,2017-01-01
경기도 시흥시청,경기도 시흥시 논곡길 12-1,경기도 시흥시 논곡동 248,쓰레기단속,1,41,쓰레기투기지역,30,2017-01,031-310-3108,37.3941405,126.8549904,2017-01-01
경기도 시흥시청,경기도 시흥시 매화2로48번길 8,경기도 시흥시 매화동 352-3,쓰레기단속,1,41,쓰레기투기지역,30,2017-01,031-310-3108,37.4162123,126.8092992,2017-01-01
경기도 시흥시청,경기도 시흥시 하중로117번길 10-11,경기도 시흥시 하중동 822-7,쓰레기단속,1,41,쓰레기투기지역,30,2017-01,031-310-3108,37.4003582,126.8007115,2017-01-01
경기도 시흥시청,경기도 시흥시 문화마을로 14-1,경기도 시흥시 신천동 722-18,쓰레기단속,1,41,쓰레기투기지역,30,2017-01,031-310-3108,37.4434066,126.7798033,2017-01-01
경기도 시흥시청,경기도 시흥시 수인로3402번길 19,경기도 시흥시 신천동 314-51,쓰레기단속,1,41,쓰레기투기지역,30,2017-01,031-310-3108,37.4434084,126.7807751,2017-01-01
경기도 시흥시청,경기도 시흥시 군서로 56,경기도 시흥시 정왕본동 1208-8,생활방범,1,200,360도 전방면,30,2017-09,031-310-3702,37.3465885,126.7463005,2017-01-01
경기도 시흥시청,경기도 시흥시 군서로18번길 21-1,경기도 시흥시 정왕본동 1191,생활방범,1,200,360도 전방면,30,2017-09,031-310-3702,37.3461117,126.7508277,2017-01-01
경기도 시흥시청,경기도 시흥시 정왕천로432번길 12,경기도 시흥시 정왕본동 1508-1,생활방범,1,200,360도 전방면,30,2017-09,031-310-3702,37.344867,126.7544996,2017-01-01
경기도 시흥시청,경기도 시흥시 큰솔공원로9번길 1,경기도 시흥시 정왕본동 1530-5,생활방범,1,200,360도 전방면,30,2017-09,031-310-3702,37.3428329,126.755522,2017-01-01
경기도 시흥시청,경기도 시흥시 군서마을로 10-3,경기도 시흥시 정왕본동 1214-6,생활방범,1,200,360도 전방면,30,2017-11,031-310-3702,37.3439479,126.7501917,2017-01-01
경기도 시흥시청,경기도 시흥시 큰솔공원로 24,경기도 시흥시 정왕본동 1543-9,생활방범,1,200,360도 전방면,30,2017-11,031-310-3702,37.3418889,126.7565295,2017-01-01
경기도 시흥시청,경기도 시흥시 큰솔로8번안길 29-1,경기도 시흥시 정왕1동 1401-1,생활방범,1,200,360도 전방면,30,2017-11,031-310-3702,37.339776,126.7543359,2017-01-01
경기도 시흥시청,경기도 시흥시 큰솔로7번안길 29,경기도 시흥시 정왕1동 1409-1,생활방범,1,200,360도 전방면,30,2017-11,031-310-3702,37.3412755,126.7519159,2017-01-01
경기도 시흥시청,경기도 시흥시 정왕천로369번길 13-3,경기도 시흥시 정왕1동 1431-11,생활방범,1,200,360도 전방면,30,2017-11,031-310-3702,37.3418342,126.7477273,2017-01-01
경기도 시흥시청,경기도 시흥시 정왕천로375번길 22-21,경기도 시흥시 정왕1동 1560,생활방범,1,200,360도 전방면,30,2017-11,031-310-3702,37.3435831,126.748139,2017-01-01
경기도 시흥시청,경기도 시흥시 정왕천로369번길 39-1,경기도 시흥시 정왕1동 1586-9,생활방범,1,200,360도 전방면,30,2017-11,031-310-3702,37.3432531,126.7455332,2017-01-01
경기도 시흥시청,경기도 시흥시 봉우재로 23-17,경기도 시흥시 정왕1동 1609-10,생활방범,1,200,360도 전방면,30,2017-11,031-310-3702,37.345921,126.7418563,2017-01-01
경기도 시흥시청,경기도 시흥시 서해안로 277,경기도 시흥시 정왕3동 2138,기타,1,200,360도 전방면,30,2017-11,031-310-3702,37.3555292,126.7123638,2017-01-01
경기도 시흥시청,,경기도 시흥시 대야동 484-1,생활방범,1,200,360도 전방면,30,2017-04,031-310-3702,37.4455707,126.7855262,2017-01-01
경기도 시흥시청,경기도 시흥시 복지로120번길 12,경기도 시흥시 대야동 280-6,생활방범,1,200,360도 전방면,30,2017-04,031-310-3702,37.4486039,126.7938011,2017-01-01
경기도 시흥시청,경기도 시흥시 중심상가로 155,경기도 시흥시 정왕2동 1728-17,생활방범,1,200,360도 전방면,30,2017-04,031-310-3702,37.3463073,126.7333117,2017-01-01
경기도 시흥시청,경기도 시흥시 소래산길 66,경기도 시흥시 대야동 303-13,생활방범,1,200,360도 전방면,30,2017-04,031-310-3702,37.4519637,126.7882653,2017-01-01
경기도 시흥시청,경기도 시흥시 호현로49번길 30,경기도 시흥시 신천동 719-13,생활방범,1,200,360도 전방면,30,2017-04,031-310-3702,37.443933,126.7818245,2017-01-01
경기도 시흥시청,,경기도 시흥시 정왕3동 1858-5,생활방범,1,200,360도 전방면,30,2017-04,031-310-3702,37.3533014,126.7226433,2017-01-01
경기도 시흥시청,경기도 시흥시 함송로29번길 31,경기도 시흥시 정왕4동 1878-3,기타,1,200,360도 전방면,30,2017-04,031-310-3702,37.3652457,126.732894,2017-01-01
경기도 시흥시청,경기도 시흥시 수인로3325번길 17,경기도 시흥시 신천동 781-21,생활방범,1,200,360도 전방면,30,2017-04,031-310-3702,37.4373504,126.7887477,2017-01-01
경기도 시흥시청,경기도 시흥시 신천로44번길 7,경기도 시흥시 신천동 859-7,생활방범,1,200,360도 전방면,30,2017-04,031-310-3702,37.4353509,126.7891602,2017-01-01
경기도 시흥시청,,경기도 시흥시 장곡동 820-8,생활방범,3,200,360도 전방면,30,2017-04,031-310-3702,37.3783001,126.7846931,2017-01-01
경기도 시흥시청,경기도 시흥시 미산로 141-1,경기도 시흥시 미산동 316-39,생활방범,1,200,360도 전방면,30,2017-04,031-310-3702,37.4179135,126.792497,2017-01-01
경기도 시흥시청,경기도 시흥시 미산로 99,경기도 시흥시 미산동 363-8,생활방범,1,200,360도 전방면,30,2017-04,031-310-3702,37.4198847,126.7964905,2017-01-01
경기도 시흥시청,경기도 시흥시 하중로 226,경기도 시흥시 하중동 880-1,생활방범,1,200,360도 전방면,30,2017-04,031-310-3702,37.3914099,126.8052412,2017-01-01
경기도 시흥시청,,경기도 시흥시 매화동 196-3,생활방범,1,200,360도 전방면,30,2017-04,031-310-3702,37.4154656,126.8156269,2017-01-01
경기도 시흥시청,경기도 시흥시 매화2로 22,경기도 시흥시 매화동 220-13,생활방범,1,200,360도 전방면,30,2017-04,031-310-3702,37.4168842,126.8125169,2017-01-01
경기도 시흥시청,경기도 시흥시 군자로481번길 20,경기도 시흥시 거모동 1717-1,생활방범,1,200,360도 전방면,30,2017-04,031-310-3702,37.3481086,126.7854689,2017-01-01
경기도 시흥시청,,경기도 시흥시 거모동 1759-5,어린이보호,1,200,360도 전방면,30,2017-04,031-310-3702,37.3442003,126.7866087,2017-01-01
경기도 시흥시청,,경기도 시흥시 거모동 1660-4,어린이보호,1,200,360도 전방면,30,2017-03,031-310-3702,37.3399991,126.7852779,2017-01-01
경기도 시흥시청,경기도 시흥시 정왕대로53번길 14,경기도 시흥시 정왕3동 1867-2,어린이보호,1,130,360도 전방면,30,2017-03,031-310-3702,37.3558565,126.7248348,2017-01-01
경기도 시흥시청,경기도 시흥시 은행고길 18,경기도 시흥시 은행동 94-11,어린이보호,1,200,360도 전방면,30,2017-03,031-310-3702,37.4397115,126.7992158,2017-01-01
경기도 시흥시청,경기도 시흥시 한우물로 49,경기도 시흥시 거모동 1730-7,어린이보호,1,200,360도 전방면,30,2017-03,031-310-3702,37.3467791,126.7827755,2017-01-01
경기도 시흥시청,경기도 시흥시 봉화로 23,경기도 시흥시 정왕4동  1774-2,어린이보호,1,200,360도 전방면,30,2017-03,031-310-3702,37.3676064,126.7369157,2017-01-01
경기도 시흥시청,경기도 시흥시 새우개1길 2,경기도 시흥시 포동  32-4,어린이보호,1,200,360도 전방면,30,2017-03,031-310-3702,37.4034672,126.7761381,2017-01-01
경기도 시흥시청,경기도 시흥시 도일로112번길 12,경기도 시흥시 거모동  1653-1,어린이보호,1,200,360도 전방면,30,2017-03,031-310-3702,37.3402238,126.7849725,2017-01-01
경기도 시흥시청,,경기도 시흥시 정왕3동  1998-6,어린이보호,1,200,360도 전방면,30,2017-03,031-310-3702,37.3463609,126.6892522,2017-01-01
경기도 시흥시청,경기도 시흥시 오동마을로6번안길 17,경기도 시흥시 정왕본동  2318-6,어린이보호,1,200,360도 전방면,30,2017-03,031-310-3702,37.3521427,126.7440018,2017-01-01
경기도 시흥시청,경기도 시흥시 은행로 92,경기도 시흥시 은행동 547-7,어린이보호,1,200,360도 전방면,30,2017-03,031-310-3702,37.4396274,126.7974646,2017-01-01
경기도 시흥시청,경기도 시흥시 월곶해안로 69,경기도 시흥시 월곶동 1010-5,어린이보호,1,200,360도 전방면,30,2017-03,031-310-3702,37.3915825,126.737023,2017-01-01
경기도 시흥시청,,경기도 시흥시 은행동  538-1,어린이보호,1,200,360도 전방면,30,2017-03,031-310-3702,37.4430972,126.7980201,2017-01-01
경기도 시흥시청,경기도 시흥시 군자로534번안길 6-6,경기도 시흥시 거모동 1768-5,생활방범,1,200,360도 전방면,30,2017-04,031-310-3702,37.3421099,126.7866034,2017-01-01
경기도 시흥시청,경기도 시흥시 월곶중앙로 71,경기도 시흥시 월곶동 1011-15,생활방범,1,200,360도 전방면,30,2017-04,031-310-3702,37.388889,126.737247,2017-01-01
경기도 시흥시청,경기도 시흥시 월곶해안로 99,경기도 시흥시 월곶동 1011-28,생활방범,1,200,360도 전방면,30,2017-04,031-310-3702,37.3897753,126.7347257,2017-01-01
경기도 시흥시청,경기도 시흥시 군서로18번길 44,경기도 시흥시 정왕본동 1169,생활방범,1,200,360도 전방면,30,2017-04,031-310-3702,37.347476,126.7526063,2017-01-01
경기도 시흥시청,경기도 시흥시 정왕천로449번길 71,경기도 시흥시 정왕본동 1182-1,생활방범,1,200,360도 전방면,30,2017-04,031-310-3702,37.3479415,126.7469957,2017-01-01
경기도 시흥시청,경기도 시흥시 다솜마을2길 12,경기도 시흥시 정왕본동 1803-1,생활방범,1,200,360도 전방면,30,2017-04,031-310-3702,37.3500818,126.7409728,2017-01-01
경기도 시흥시청,경기도 시흥시 오동마을로 38-1,경기도 시흥시 정왕본동 2317-7,생활방범,1,200,360도 전방면,30,2017-04,031-310-3702,37.3517228,126.7456059,2017-01-01
경기도 시흥시청,경기도 시흥시 정왕대로233번안길 9-9,경기도 시흥시 정왕1동 1602,생활방범,1,200,360도 전방면,30,2017-04,031-310-3702,37.3470847,126.7424955,2017-01-01
경기도 시흥시청,,경기도 시흥시 대야동 530,생활방범,1,200,360도 전방면,30,2017-06,031-310-3702,37.4435174,126.7910467,2017-01-01
경기도 시흥시청,경기도 시흥시 군서마을로 32,경기도 시흥시 정왕본동 1213,생활방범,1,200,360도 전방면,30,2017-06,031-310-3702,37.344971,126.7483036,2017-01-01
경기도 시흥시청,경기도 시흥시 군서로36번길 28,경기도 시흥시 정왕본동 1181,어린이보호,1,200,360도 전방면,30,2017-06,031-310-3702,37.3473892,126.7499431,2017-01-01
경기도 시흥시청,경기도 시흥시 대골안길 31,경기도 시흥시 대야동 456-2,어린이보호,1,200,360도 전방면,30,2017-06,031-310-3702,37.446542,126.7895465,2017-01-01
경기도 시흥시청,,경기도 시흥시 대야동 470-2,생활방범,1,200,360도 전방면,30,2017-06,031-310-3702,37.4446035,126.7887723,2017-01-01
경기도 시흥시청,경기도 시흥시 은행로173번길 17,경기도 시흥시 대야동 572-3,어린이보호,2,200,360도 전방면,30,2017-06,031-310-3702,37.4447079,126.7967953,2017-01-01
경기도 시흥시청,경기도 시흥시 복지로 3,경기도 시흥시 신천동 709-6,생활방범,1,200,360도 전방면,30,2017-06,031-310-3702,37.4402391,126.7868298,2017-01-01
경기도 시흥시청,경기도 시흥시 신천로7번길 12,경기도 시흥시 신천동 885-1,생활방범,1,200,360도 전방면,30,2017-06,031-310-3702,37.4325438,126.7913601,2017-01-01
경기도 시흥시청,,경기도 시흥시 신천동 843,생활방범,1,200,360도 전방면,30,2017-06,031-310-3702,37.4367398,126.7849642,2017-01-01
경기도 시흥시청,,경기도 시흥시 산현동 345-13,생활방범,4,200,360도 전방면,30,2017-03,031-310-3702,37.3698632,126.8318839,2017-01-01
경기도 시흥시청,,경기도 시흥시 거모동 1163-19,생활방범,4,200,360도 전방면,30,2017-03,031-310-3702,37.3506097,126.7786673,2017-01-01
경기도 시흥시청,,경기도 시흥시 대야동 377-100,생활방범,3,200,360도 전방면,30,2017-03,031-310-3702,37.446876,126.7849348,2017-01-01
경기도 시흥시청,경기도 시흥시 호현로 36,경기도 시흥시 대야동 496-1,생활방범,3,200,360도 전방면,30,2017-03,031-310-3702,37.4434617,126.7852159,2017-01-01
경기도 시흥시청,경기도 시흥시 복지로43번길 27,경기도 시흥시 대야동 494-9,생활방범,3,200,360도 전방면,30,2017-09,031-310-3702,37.4442924,126.7861628,2017-01-01
경기도 시흥시청,,경기도 시흥시 도창동 110-4,생활방범,3,200,360도 전방면,30,2017-09,031-310-3702,37.4086854,126.8184111,2017-01-01
경기도 시흥시청,,경기도 시흥시 도창동 25-3,생활방범,3,200,360도 전방면,30,2017-09,031-310-3702,37.4098001,126.8225763,2017-01-01
경기도 시흥시청,,경기도 시흥시 정왕3동 1940-1,생활방범,3,200,360도 전방면,30,2017-09,031-310-3702,37.3591932,126.7222828,2017-01-01
경기도 시흥시청,,경기도 시흥시 정왕3동 1940-2,생활방범,3,200,360도 전방면,30,2017-09,031-310-3702,37.3579461,126.7207297,2017-01-01
경기도 시흥시청,,경기도 시흥시 정왕4동 1133,생활방범,3,200,360도 전방면,30,2017-09,031-310-3702,37.3685842,126.7390233,2017-01-01
경기도 시흥시청,경기도 시흥시 월곶해안로 63,경기도 시흥시 월곶동 1010-2,생활방범,3,200,360도 전방면,30,2017-09,031-310-3702,37.3923862,126.7378106,2017-01-01
경기도 시흥시청,경기도 시흥시 호현로 183,경기도 시흥시 대야동 89-3,쓰레기단속,1,200,쓰레기투기지역,30,2017-01,031-310-2683,37.4554311,126.7874417,2017-01-01
경기도 시흥시청,경기도 시흥시 비둘기공원3길 8-1,경기도 시흥시 대야동 553-4,쓰레기단속,1,200,쓰레기투기지역,30,2017-01,031-310-2683,37.4402665,126.7919938,2017-01-01
경기도 시흥시청,,경기도 시흥시 대야동 498-2,쓰레기단속,1,200,쓰레기투기지역,30,2017-01,031-310-2683,37.4426873,126.7854329,2017-01-01
경기도 시흥시청,경기도 시흥시 능골길 26,경기도 시흥시 능곡동 617,시설물관리,8,210,문화재시설,,2017-01,031-310-6706,37.3693918,126.817988,2017-01-01
경기도 시흥시청,경기도 시흥시 수인로3247번길 110,경기도 시흥시 은행동 은행동 299,어린이보호,3,200,360도 전방면,30,2017-07,031-310-3702,37.4295155,126.795967,2017-01-01
경기도 시흥시청,경기도 시흥시 죽율로 45-32,경기도 시흥시 죽율동 765,시설물관리,4,210,문화재시설,,2017-01,031-310-6706,37.3505873,126.758273,2017-01-01
경기도 시흥시청,,경기도 시흥시 능곡동 479,시설물관리,8,210,문화재시설,,2017-03,031-310-6706,37.3749135,126.8114376,2017-01-01
경기도 시흥시청,,경기도 시흥시 포동 20-33,기타,3,200,시설물관리,30,2017-03,031-310-4365,37.4058256,126.7845455,2017-01-01
경기도 시흥시청,,경기도 시흥시 신천동 838-1,생활방범,3,200,360도 전방면,30,2017-03,031-310-3702,37.4375979,126.7812668,2017-01-01
경기도 시흥시청,,경기도 시흥시 능곡동 708,생활방범,3,200,360도 전방면,30,2017-03,031-310-3702,37.3668915,126.8151607,2017-01-01
경기도 시흥시청,,경기도 시흥시 정왕3동 2031-13,생활방범,3,200,360도 전방면,30,2017-03,031-310-3702,37.3413078,126.686452,2017-01-01
경기도 시흥시청,,경기도 시흥시 대야동 683-24,생활방범,3,200,360도 전방면,30,2017-03,031-310-3702,37.4466582,126.7992196,2017-01-01
경기도 시흥시청,경기도 시흥시 오이도중앙로 24-2,경기도 시흥시 정왕3동 1997-3,생활방범,3,200,360도 전방면,30,2017-03,031-310-3702,37.3461645,126.6899527,2017-01-01
경기도 시흥시청,경기도 시흥시 포도원로79번길 14-11,경기도 시흥시 신천동 846-11,생활방범,3,200,360도 전방면,30,2017-03,031-310-3702,37.4366306,126.7843883,2017-01-01
경기도 시흥시청,,경기도 시흥시 능곡동 760,생활방범,3,200,360도 전방면,30,2017-03,031-310-3702,37.3683287,126.812381,2017-01-01
경기도 시흥시청,경기도 시흥시 정왕대로53번길 14,경기도 시흥시 정왕3동 1867-2,생활방범,3,200,360도 전방면,30,2017-03,031-310-3702,37.3558565,126.7248348,2017-01-01
경기도 시흥시청,경기도 시흥시 진말로9번길 12-10,경기도 시흥시 장곡동 816-1,생활방범,3,200,360도 전방면,30,2017-03,031-310-3702,37.378912,126.7842961,2017-01-01
경기도 시흥시청,경기도 시흥시 수인로3394번길 16,경기도 시흥시 신천동 705-32,생활방범,3,200,360도 전방면,30,2017-03,031-310-3702,37.4427996,126.7828561,2017-01-01
경기도 시흥시청,,경기도 시흥시 장곡동 805,생활방범,3,200,360도 전방면,30,2017-03,031-310-3702,37.3779745,126.7791956,2017-01-01
경기도 시흥시청,경기도 시흥시 뱀내장터로 17,경기도 시흥시 대야동 499-37,생활방범,3,200,360도 전방면,30,2017-03,031-310-3702,37.4419867,126.7866553,2017-01-01
경기도 시흥시청,경기도 시흥시 범안로266번길 26,경기도 시흥시 계수동 337-3,생활방범,3,200,360도 전방면,30,2017-03,031-310-3702,37.4585706,126.810682,2017-01-01
경기도 시흥시청,경기도 시흥시 대골안길 96,경기도 시흥시 신천동 707-29,생활방범,3,200,360도 전방면,30,2017-03,031-310-3702,37.4415708,126.7858542,2017-01-01
경기도 시흥시청,경기도 시흥시 군자로315번길 7-1,경기도 시흥시 거모동 637-1,생활방범,3,200,360도 전방면,30,2017-03,031-310-3702,37.3585549,126.773079,2017-01-01
경기도 시흥시청,,경기도 시흥시 은행동 543-1,생활방범,4,200,360도 전방면,30,2017-03,031-310-3702,37.4439876,126.8023231,2017-01-01
경기도 시흥시청,경기도 시흥시 신현로14번길 11-1,경기도 시흥시 포동 1-3,생활방범,3,200,360도 전방면,30,2017-03,031-310-3702,37.4075226,126.7862122,2017-01-01
경기도 시흥시청,경기도 시흥시 한우물로 25,경기도 시흥시 거모동 1741-2,생활방범,3,200,360도 전방면,30,2017-03,031-310-3702,37.3447543,126.784113,2017-01-01
경기도 시흥시청,,경기도 시흥시 금이동 554-79,생활방범,4,200,360도 전방면,30,2017-03,031-310-3702,37.389085,126.8279332,2017-01-01
경기도 시흥시청,경기도 시흥시 신현로38번길 20,경기도 시흥시 포동 13-29,생활방범,3,200,360도 전방면,30,2017-03,031-310-3702,37.4071045,126.7842707,2017-01-01
경기도 시흥시청,,경기도 시흥시 죽율동 592-4,어린이보호,3,200,360도 전방면,30,2017-03,031-310-3702,37.3501438,126.7572813,2017-01-01
경기도 시흥시청,,경기도 시흥시 방산동 산103-3,생활방범,3,200,360도 전방면,30,2017-03,031-310-3702,37.421522,126.766278,2017-01-01
경기도 시흥시청,경기도 시흥시 역전로 369,경기도 시흥시 정왕2동 1872-3,어린이보호,3,200,360도 전방면,30,2017-03,031-310-3702,37.3576094,126.7347838,2017-01-01
경기도 시흥시청,경기도 시흥시 동서로 1091-4,경기도 시흥시 조남동 조남동 171-53,어린이보호,3,200,360도 전방면,30,2017-07,031-310-3702,37.3863889,126.8599627,2017-01-01
경기도 시흥시청,경기도 시흥시 신현로202번길 1,경기도 시흥시 포동 20-217,생활방범,3,200,360도 전방면,30,2017-03,031-310-3702,37.4029675,126.7693857,2017-01-01
경기도 시흥시청,경기도 시흥시 비둘기공원7길 75,경기도 시흥시 대야동 555-12,생활방범,3,200,360도 전방면,30,2017-03,031-310-3702,37.4396266,126.7919052,2017-01-01
경기도 시흥시청,,경기도 시흥시 무지내동 263-2,생활방범,3,200,360도 전방면,30,2017-03,031-310-3702,37.414581,126.8454278,2017-01-01
경기도 시흥시청,경기도 시흥시 신현로 375,경기도 시흥시 방산동 526,생활방범,3,200,360도 전방면,30,2017-03,031-310-3702,37.4148575,126.7677448,2017-01-01
경기도 시흥시청,경기도 시흥시 호현로 55,경기도 시흥시 대야동 484-14,생활방범,3,200,360도 전방면,30,2017-03,031-310-3702,37.4452631,126.784883,2017-01-01
경기도 시흥시청,경기도 시흥시 금오로292번길 51,경기도 시흥시 과림동 702,생활방범,5,200,360도 전방면,30,2017-03,031-310-3702,37.4293512,126.8407985,2017-01-01
경기도 시흥시청,경기도 시흥시 신현로14번길 21,경기도 시흥시 포동 3-4,생활방범,3,200,360도 전방면,30,2017-03,031-310-3702,37.4078814,126.7853528,2017-01-01
경기도 시흥시청,,경기도 시흥시 은행동 105-14,생활방범,3,200,360도 전방면,30,2017-03,031-310-3702,37.438184,126.7964403,2017-01-01
경기도 시흥시청,경기도 시흥시 함송로 16,경기도 시흥시 정왕4동 1882-1,생활방범,5,200,360도 전방면,30,2017-03,031-310-3702,37.3636341,126.7295246,2017-01-01
경기도 시흥시청,경기도 시흥시 검바위2로 36,경기도 시흥시 은행동 276-21,생활방범,3,200,360도 전방면,30,2017-03,031-310-3702,37.4323003,126.7963774,2017-01-01
경기도 시흥시청,경기도 시흥시 군자로487번길 61,경기도 시흥시 거모동 1713-1,생활방범,3,200,360도 전방면,30,2017-03,031-310-3702,37.349279,126.7849915,2017-01-01
경기도 시흥시청,,경기도 시흥시 정왕4동 1886-39,생활방범,3,200,360도 전방면,30,2017-03,031-310-3702,37.3602785,126.7240057,2017-01-01
경기도 시흥시청,경기도 시흥시 검바위1로 33,경기도 시흥시 은행동 276-19,생활방범,3,200,360도 전방면,30,2017-03,031-310-3702,37.432243,126.7945246,2017-01-01
경기도 시흥시청,경기도 시흥시 비둘기공원2길 17-1,경기도 시흥시 대야동 553-3,쓰레기단속,1,200,쓰레기투기지역,30,2017-01,031-310-2683,37.4403749,126.7921855,2017-01-01
경기도 시흥시청,,경기도 시흥시 정왕3동 1951,생활방범,3,200,360도 전방면,30,2017-03,031-310-3702,37.3493628,126.7221162,2017-01-01
경기도 시흥시청,경기도 시흥시 도일로135번길 20-6,경기도 시흥시 거모동 1744-7,생활방범,3,200,360도 전방면,30,2017-03,031-310-3702,37.3437266,126.783801,2017-01-01
경기도 시흥시청,,경기도 시흥시 정왕본동 정왕동 2156,기타,3,200,360도 전방면,30,2017-07,031-310-3702,37.3409472,126.7586428,2017-01-01
경기도 시흥시청,경기도 시흥시 군자로487번길 11,경기도 시흥시 거모동 1726-4,생활방범,3,200,360도 전방면,30,2017-10,031-310-3702,37.3471978,126.785054,2017-01-01
경기도 시흥시청,,경기도 시흥시 정왕3동 2377,생활방범,4,200,360도 전방면,30,2017-06,031-310-3702,37.3458621,126.6846723,2017-01-01
경기도 시흥시청,경기도 시흥시 군자천로131번길 64,경기도 시흥시 정왕2동 정왕동 1358,기타,3,200,360도 전방면,30,2017-07,031-310-3702,37.336974,126.7147034,2017-01-01
경기도 시흥시청,경기도 시흥시 큰솔로 6,경기도 시흥시 정왕동 1427-15,생활방범,3,200,360도 전방면,30,2017-07,031-310-3702,37.3382835,126.7515874,2017-01-01
경기도 시흥시청,경기도 시흥시 하중로173번길 23,경기도 시흥시 하중동 하중동 848,기타,3,200,360도 전방면,30,2017-07,031-310-3702,37.3958593,126.8043487,2017-01-01
경기도 시흥시청,경기도 시흥시 정왕천로375번길 58-8,경기도 시흥시 정왕동 1572-7,생활방범,3,200,360도 전방면,30,2017-07,031-310-3702,37.345138,126.7463845,2017-01-01
경기도 시흥시청,경기도 시흥시 매화로39번길 34,경기도 시흥시 매화동 190-1,생활방범,3,200,360도 전방면,30,2017-07,031-310-3702,37.4143316,126.8164317,2017-01-01
경기도 시흥시청,경기도 시흥시 시흥대로1073번길 40,경기도 시흥시 신천동 신천동 870-1,기타,3,200,360도 전방면,30,2017-07,031-310-3702,37.4329364,126.7892687,2017-01-01
경기도 시흥시청,,경기도 시흥시 조남동 44-10,생활방범,3,200,360도 전방면,30,2017-07,031-310-3702,37.3804983,126.8693791,2017-01-01
경기도 시흥시청,경기도 시흥시 피울길 218-2,경기도 시흥시 산현동 429,생활방범,3,200,360도 전방면,30,2017-07,031-310-3702,37.369221,126.8241297,2017-01-01
경기도 시흥시청,,경기도 시흥시 은행동 은행동 551,기타,3,200,360도 전방면,30,2017-07,031-310-3702,37.4414053,126.7940246,2017-01-01
경기도 시흥시청,경기도 시흥시 군서마을로 18-1,경기도 시흥시 정왕동 1213-10,생활방범,3,200,360도 전방면,30,2017-07,031-310-3702,37.3443063,126.7492538,2017-01-01
경기도 시흥시청,경기도 시흥시 연성로 35,경기도 시흥시 하중동 하중동 612-2(872-2번지),기타,3,200,360도 전방면,30,2017-07,031-310-3702,37.3909178,126.8073542,2017-01-01
경기도 시흥시청,경기도 시흥시 정왕천로389번길 11,경기도 시흥시 정왕동 1556-6,생활방범,3,200,360도 전방면,30,2017-07,031-310-3702,37.3433334,126.7493361,2017-01-01
경기도 시흥시청,,경기도 시흥시 능곡동 능곡동 781,기타,3,200,360도 전방면,30,2017-07,031-310-3702,37.3655018,126.8082442,2017-01-01
경기도 시흥시청,경기도 시흥시 큰솔로46번길 14-1,경기도 시흥시 정왕동 1396-1,생활방범,3,200,360도 전방면,30,2017-07,031-310-3702,37.340478,126.7539724,2017-01-01
경기도 시흥시청,,경기도 시흥시 과림동 210-16,생활방범,3,200,360도 전방면,30,2017-07,031-310-3702,37.4540445,126.8260415,2017-01-01
경기도 시흥시청,경기도 시흥시 매화1로32번길 22,경기도 시흥시 매화동 매화동 247-3,어린이보호,3,200,360도 전방면,30,2017-07,031-310-3702,37.4160199,126.8129031,2017-01-01
경기도 시흥시청,경기도 시흥시 매화2로48번길 12,경기도 시흥시 매화동 매화동 350-5,어린이보호,3,200,360도 전방면,30,2017-07,031-310-3702,37.4159683,126.8088818,2017-01-01
경기도 시흥시청,경기도 시흥시 수인로2421번길 31,경기도 시흥시 논곡동 논곡동 193,어린이보호,3,200,360도 전방면,30,2017-07,031-310-3702,37.3920238,126.8555479,2017-01-01
경기도 시흥시청,,경기도 시흥시 정왕3동 1033-5,생활방범,3,200,360도 전방면,30,2017-06,031-310-3702,37.3387826,126.6923644,2017-01-01
경기도 시흥시청,,경기도 시흥시 정왕3동 2376-1,생활방범,3,200,360도 전방면,30,2017-06,031-310-3702,37.3340337,126.6887505,2017-01-01
경기도 시흥시청,,경기도 시흥시 정왕3동 정왕동 2376-1,교통정보수집,2,200,고정촬영,30,2017-06,031-310-3702,37.3340337,126.6887505,2017-01-01
경기도 시흥시청,,경기도 시흥시 정왕동 819-34,어린이보호,3,200,360도 전방면,30,2017-07,031-310-3702,37.3543844,126.7390843,2017-01-01
경기도 시흥시청,,경기도 시흥시 정왕동 806-22,어린이보호,3,200,360도 전방면,30,2017-07,031-310-3702,37.3531988,126.7448559,2017-01-01
경기도 시흥시청,,경기도 시흥시 정왕동2345,어린이보호,3,200,360도 전방면,30,2017-07,031-310-3702,37.3522257,126.7407509,2017-01-01
경기도 시흥시청,경기도 시흥시 경기과기대로 283,경기도 시흥시 정왕동 2132,어린이보호,3,200,360도 전방면,30,2017-07,031-310-3702,37.3398068,126.7354226,2017-01-01
경기도 시흥시청,경기도 시흥시 오이도로135번길 7,경기도 시흥시 정왕동 1974-12,어린이보호,3,200,360도 전방면,30,2017-07,031-310-3702,37.347469,126.6892024,2017-01-01
경기도 시흥시청,,경기도 시흥시 정왕본동 정왕동 1504-2,기타,3,200,360도 전방면,30,2017-07,031-310-3702,37.3452822,126.7548368,2017-01-01
경기도 시흥시청,,경기도 시흥시 하중동 284-5,생활방범,3,200,360도 전방면,30,2017-07,031-310-3702,37.4003333,126.8019652,2017-01-01
경기도 시흥시청,경기도 시흥시 역전로 50,경기도 시흥시 정왕동 2158,생활방범,3,200,360도 전방면,30,2017-07,031-310-3702,37.3396927,126.7576087,2017-01-01
경기도 시흥시청,,경기도 시흥시 하중동 산 2-10,생활방범,3,200,360도 전방면,30,2017-07,031-310-3702,37.401493,126.805497,2017-01-01
경기도 시흥시청,,경기도 시흥시 군자동 159-17,생활방범,3,200,360도 전방면,30,2017-07,031-310-3702,37.3640019,126.8057421,2017-01-01
경기도 시흥시청,경기도 시흥시 큰솔로 67-8,경기도 시흥시 정왕본동 정왕동 1512,기타,3,200,360도 전방면,30,2017-07,031-310-3702,37.3437487,126.7539955,2017-01-01
경기도 시흥시청,경기도 시흥시 신현로 287,경기도 시흥시 방산동 695-11,생활방범,3,200,360도 전방면,30,2017-07,031-310-3702,37.4084618,126.7639697,2017-01-01
경기도 시흥시청,경기도 시흥시 장현능곡로 219,경기도 시흥시 능곡동 능곡동 620,어린이보호,3,200,360도 전방면,30,2017-07,031-310-3702,37.3685576,126.8146598,2017-01-01
경기도 시흥시청,,경기도 시흥시 신천동 35-29,생활방범,3,200,360도 전방면,30,2017-07,031-310-3702,37.435938,126.7899382,2017-01-01
경기도 시흥시청,경기도 시흥시 월곶중앙로 89,경기도 시흥시 월곶동 월곶동 1011-5,어린이보호,3,200,360도 전방면,30,2017-07,031-310-3702,37.389687,126.7355052,2017-01-01
경기도 시흥시청,경기도 시흥시 미산로 85,경기도 시흥시 미산동  78-1,생활방범,3,200,360도 전방면,30,2017-07,031-310-3702,37.4211837,126.7973568,2017-01-01
경기도 시흥시청,경기도 시흥시 월곶해안로161번길 7,경기도 시흥시 월곶동 월곶동 1012,어린이보호,3,200,360도 전방면,30,2017-07,031-310-3702,37.3887425,126.7361974,2017-01-01
경기도 시흥시청,,경기도 시흥시 안현동 116-8,생활방범,3,200,360도 전방면,30,2017-07,031-310-3702,37.4322448,126.8115741,2017-01-01
경기도 시흥시청,,경기도 시흥시 신천동 신천동 764,기타,3,200,360도 전방면,30,2017-07,031-310-3702,37.437965,126.7848816,2017-01-01
경기도 시흥시청,,경기도 시흥시 정왕1동 정왕동 1800-5,기타,3,200,360도 전방면,30,2017-07,031-310-3702,37.3483318,126.7400535,2017-01-01
경기도 시흥시청,,경기도 시흥시 목감동 267-3,생활방범,3,200,360도 전방면,30,2017-07,031-310-3702,37.3848578,126.8681293,2017-01-01
경기도 시흥시청,경기도 시흥시 정왕천로369번길 46,경기도 시흥시 정왕1동 정왕동 1581,기타,3,200,360도 전방면,30,2017-07,031-310-3702,37.3443344,126.7455859,2017-01-01
경기도 시흥시청,,경기도 시흥시 군자동 634-4,생활방범,3,200,360도 전방면,30,2017-07,031-310-3702,37.355777,126.7859096,2017-01-01
경기도 시흥시청,,경기도 시흥시 신천동 83-105,생활방범,3,200,360도 전방면,30,2017-12,031-310-3702,37.4359866,126.7919154,2017-01-01
경기도 시흥시청,경기도 시흥시 군자천로131번길 64,경기도 시흥시 정왕2동 정왕동 1358번지,기타,2,200,360도 전방면,30,2017-09,031-310-3702,37.336974,126.7147034,2017-01-01
경기도 시흥시청,경기도 시흥시 은행로173번길 14,경기도 시흥시 대야동571-3,시설물관리,16,130,공연장전구역,30,2017-01,031-315-8683,37.4452661,126.796579,2017-01-01
경기도 시흥시청,,경기도 시흥시 정왕3동 1867-4,생활방범,1,130,360도 전방면,30,2017-12,031-310-3702,37.3546667,126.7246699,2017-01-01
경기도 시흥시청,경기도 시흥시 신천1길 21,경기도 시흥시 신천동 753,기타,3,200,360도 전방면,30,2017-10,031-310-3702,37.4392715,126.7800754,2017-01-01
경기도 시흥시청,,경기도 시흥시 대야동 500,생활방범,1,200,360도 전방면,30,2017-02,031-310-3702,37.4423215,126.787434,2017-01-01
경기도 시흥시청,,경기도 시흥시 포동  20-94,생활방범,3,200,360도 전방면,30,2017-10,031-310-3702,37.4029657,126.7730563,2017-01-01
경기도 시흥시청,,경기도 시흥시 정왕동 1918,시설물관리,1,200,360도 전방면,30,2017-05,031-310-6073,37.3487224,126.7374676,2017-01-01
경기도 시흥시청,,경기도 시흥시 대야동  302-4,생활방범,3,200,360도 전방면,30,2017-10,031-310-3702,37.4512085,126.7891603,2017-01-01
경기도 시흥시청,,경기도 시흥시 정왕2동 1868,생활방범,1,41,360도 전방면,30,2017-06,031-310-3702,37.3531977,126.728366,2017-01-01
경기도 시흥시청,,경기도 시흥시 대야동  344-14,생활방범,3,200,360도 전방면,30,2017-10,031-310-3702,37.4494026,126.7919907,2017-01-01
경기도 시흥시청,경기도 시흥시 정왕천로369번길 46,경기도 시흥시 정왕1동 1581,기타,3,200,360도 전방면,30,2017-10,031-310-3702,37.3443344,126.7455859,2017-01-01
경기도 시흥시청,,경기도 시흥시 거모동 1726-1,생활방범,1,200,360도 전방면,30,2017-06,031-310-3702,37.3473862,126.784602,2017-01-01
경기도 시흥시청,경기도 시흥시 군서로54번길 4,경기도 시흥시 정왕본동 1207-1,기타,3,130,360도 전방면,30,2017-12,031-310-3702,37.3466709,126.746921,2017-01-01
경기도 시흥시청,경기도 시흥시 황고개로 206,경기도 시흥시 거모동 1396-6번지,생활방범,3,200,360도 전방면,30,2017-09,031-310-3702,37.3505261,126.7821099,2017-01-01
경기도 시흥시청,,경기도 시흥시 대야동 275-20,생활방범,3,200,360도 전방면,30,2017-06,031-310-3702,37.4479046,126.7957468,2017-01-01
경기도 시흥시청,경기도 시흥시 정왕천로 407-1,경기도 시흥시 정왕본동 1196-1,생활방범,1,200,360도 전방면,30,2017-02,031-310-3702,37.3441944,126.7516918,2017-01-01
경기도 시흥시청,경기도 시흥시 신현로12번길 27,경기도 시흥시 포동 포동 3-35,어린이보호,3,200,360도 전방면,30,2017-07,031-310-3702,37.4083039,126.784832,2017-01-01
경기도 시흥시청,경기도 시흥시 정왕대로233번길 27,경기도 시흥시 정왕동 1800-8,어린이보호,3,200,360도 전방면,30,2017-07,031-310-3702,37.347198,126.7407458,2017-01-01
경기도 시흥시청,경기도 시흥시 정왕천로411번길 51,경기도 시흥시 정왕본동 1207,어린이보호,1,200,360도 전방면,30,2017-03,031-310-3702,37.3469418,126.7471683,2017-01-01
경기도 시흥시청,경기도 시흥시 봉우재로209번길 60,경기도 시흥시 정왕본동 2238-6,생활방범,1,41,360도 전방면,30,2017-06,031-310-3702,37.3577509,126.7499422,2017-01-01
경기도 시흥시청,경기도 시흥시 군자로534번길 36,경기도 시흥시 거모동 1775-2,기타,3,130,360도 전방면,30,2017-12,031-310-3702,37.3398916,126.7856393,2017-01-01
경기도 시흥시청,경기도 시흥시 시흥대로1073번길 40,경기도 시흥시 신천동 870-1,기타,2,130,360도 전방면,30,2017-06,031-310-3702,37.4329364,126.7892687,2017-01-01
경기도 시흥시청,경기도 시흥시 신천8길 39,경기도 시흥시 신천동 825-3,생활방범,1,200,360도 전방면,30,2017-02,031-310-3702,37.4361834,126.7765479,2017-01-01
경기도 시흥시청,경기도 시흥시 군서마을로 46-2,경기도 시흥시 정왕본동 1212-16,생활방범,3,200,360도 전방면,30,2017-03,031-310-3702,37.345671,126.7470259,2017-01-01
경기도 시흥시청,,경기도 시흥시 능곡동 489,기타,3,200,360도 전방면,30,2017-03,031-310-3702,37.3758886,126.8126318,2017-01-01
경기도 시흥시청,,경기도 시흥시 대야동  7-352,생활방범,3,200,360도 전방면,30,2017-10,031-310-3702,37.4660661,126.7843252,2017-01-01
경기도 시흥시청,,경기도 시흥시 정왕동 1901,시설물관리,1,200,360도 전방면,30,2017-05,031-310-6073,37.3531647,126.7258041,2017-01-01
경기도 시흥시청,,경기도 시흥시 정왕1동 1782,어린이보호,1,200,360도 전방면,30,2017-03,031-310-3702,37.338366,126.7439136,2017-01-01
경기도 시흥시청,,경기도 시흥시 대야동  318-2,생활방범,3,200,360도 전방면,30,2017-10,031-310-3702,37.4505208,126.7875235,2017-01-01
경기도 시흥시청,,경기도 시흥시 능곡동 793,기타,3,200,360도 전방면,30,2017-10,031-310-3702,37.3649972,126.8137656,2017-01-01
경기도 시흥시청,경기도 시흥시 매화2로 35,경기도 시흥시 매화동 224-4,쓰레기단속,1,41,쓰레기투기지역,30,2017-09,031-310-3108,37.4168547,126.810992,2017-01-01
경기도 시흥시청,,경기도 시흥시 19-3,시설물관리,2,200,360도 전방면,30,2017-02,031-310-6073,37.431601,126.790101,2017-01-01
경기도 시흥시청,경기도 시흥시 중심상가로 257,경기도 시흥시 정왕1동 1788-4,어린이보호,1,200,360도 전방면,30,2017-03,031-310-3702,37.3407246,126.7429689,2017-01-01
경기도 시흥시청,경기도 시흥시 호현로22번길 13,경기도 시흥시 신천동 709-19,생활방범,1,200,360도 전방면,30,2017-06,031-310-3702,37.4412375,126.7858778,2017-01-01
경기도 시흥시청,경기도 시흥시 군자로 515,경기도 시흥시 거모동 1761-2,쓰레기단속,1,200,쓰레기투기지역,30,2017-01,031-310-3108,37.3439462,126.7856615,2017-01-01
경기도 시흥시청,,경기도 시흥시 정왕3동 2201,생활방범,4,200,360도 전방면,30,2017-06,031-310-3702,37.3405607,126.6901114,2017-01-01
경기도 시흥시청,,경기도 시흥시 정왕본동 2261-2,생활방범,1,41,360도 전방면,30,2017-06,031-310-3702,37.3583056,126.7566113,2017-01-01
경기도 시흥시청,경기도 시흥시 시흥대로1073번길 24,경기도 시흥시 신천동 876-15,생활방범,3,200,360도 전방면,30,2017-03,031-310-3702,37.4321274,126.7902992,2017-01-01
경기도 시흥시청,경기도 시흥시 대골길 59,경기도 시흥시 대야동 474-17,쓰레기단속,1,200,쓰레기투기지역,30,2017-01,031-310-2683,37.4459616,126.7874688,2017-01-01
경기도 시흥시청,경기도 시흥시 정왕신길로 13,경기도 시흥시 정왕4동 1886-6,생활방범,3,200,360도 전방면,30,2017-03,031-310-3702,37.3602785,126.7240057,2017-01-01
경기도 시흥시청,경기도 시흥시 월곶해안로 149,경기도 시흥시 월곶동 1013-17,생활방범,3,200,360도 전방면,30,2017-03,031-310-3702,37.3879949,126.7363017,2017-01-01
경기도 시흥시청,경기도 시흥시 군서로50번길 16,경기도 시흥시 정왕동 1185-11,쓰레기단속,1,200,쓰레기투기지역,7,2017-07,031-310-3108,37.3471957,126.7479123,2017-01-01
경기도 시흥시청,경기도 시흥시 신흥마을4길 7,경기도 시흥시 신천동 815-15,생활방범,1,200,360도 전방면,30,2017-06,031-310-3702,37.4377418,126.7763851,2017-01-01
경기도 시흥시청,경기도 시흥시 대골안길 23,경기도 시흥시 대야동 456,어린이보호,1,200,360도 전방면,30,2017-06,031-310-3702,37.4473798,126.7894424,2017-01-01
경기도 시흥시청,경기도 시흥시 다솜마을1길 13-1,경기도 시흥시 정왕본동  1807-11,생활방범,4,200,360도 전방면,30,2017-10,031-310-3702,37.3498327,126.7424409,2017-01-01
경기도 시흥시청,경기도 시흥시 복지로43번길 3-1,경기도 시흥시 대야동 491-50,생활방범,3,200,360도 전방면,30,2017-07,031-310-3702,37.4433776,126.7884932,2017-01-01
경기도 시흥시청,,경기도 시흥시 능곡동 능곡동 766,기타,3,200,360도 전방면,30,2017-07,031-310-3702,37.3678894,126.8137471,2017-01-01
경기도 시흥시청,경기도 시흥시 옥구천동로 433-11,경기도 시흥시 정왕2동 1875-4,생활방범,1,200,360도 전방면,30,2017-06,031-310-3702,37.3591687,126.7310872,2017-01-01
경기도 시흥시청,,경기도 시흥시 신천동 688,생활방범,4,200,360도 전방면,30,2017-12,031-310-3702,37.4355989,126.7771599,2017-01-01
경기도 시흥시청,경기도 시흥시 검바위2로 23,경기도 시흥시 은행동 293-12,생활방범,1,200,360도 전방면,30,2017-06,031-310-3702,37.4312451,126.7957475,2017-01-01
경기도 시흥시청,,경기도 시흥시 정왕본동 2299-4,기타,3,130,360도 전방면,30,2017-12,031-310-3702,37.3529453,126.740218,2017-01-01
경기도 시흥시청,경기도 시흥시 진말로19번길 13,경기도 시흥시 장곡동 815,기타,3,130,360도 전방면,30,2017-12,031-310-3702,37.378641,126.7838792,2017-01-01
경기도 시흥시청,,경기도 시흥시 거모동 1642-2,생활방범,3,200,360도 전방면,30,2017-12,031-310-3702,37.3407252,126.7881647,2017-01-01
경기도 시흥시청,경기도 시흥시 군서마을로 94,경기도 시흥시 정왕본동  1830-14,생활방범,3,200,360도 전방면,30,2017-10,031-310-3702,37.3484185,126.7426151,2017-01-01
경기도 시흥시청,,경기도 시흥시 은행동 288-4,생활방범,1,200,360도 전방면,30,2017-02,031-310-3702,37.4316283,126.7933512,2017-01-01
경기도 시흥시청,,경기도 시흥시 죽율동 725-3,생활방범,3,200,360도 전방면,30,2017-03,031-310-3702,37.3434712,126.7591651,2017-01-01
경기도 시흥시청,,경기도 시흥시 정왕1동 1568-7,생활방범,4,200,360도 전방면,30,2017-10,031-310-3702,37.3416114,126.748834,2017-01-01
경기도 시흥시청,,경기도 시흥시 정왕동 1791,시설물관리,1,200,360도 전방면,30,2017-05,031-310-6073,37.3379213,126.7465557,2017-01-01
경기도 시흥시청,경기도 시흥시 소래산길 37,경기도 시흥시 대야동  332-80,생활방범,3,200,360도 전방면,30,2017-10,031-310-3702,37.4506797,126.7857149,2017-01-01
경기도 시흥시청,경기도 시흥시 포도원로 39,경기도 시흥시 신천동 826-6,어린이보호,1,200,360도 전방면,30,2017-03,031-310-3702,37.4359885,126.7782999,2017-01-01
경기도 시흥시청,,경기도 시흥시 대야동  344-9,생활방범,3,200,360도 전방면,30,2017-10,031-310-3702,37.4486542,126.7916877,2017-01-01
경기도 시흥시청,경기도 시흥시 정왕천로369번길 17-2,경기도 시흥시 정왕동 1433-1,쓰레기단속,1,200,쓰레기투기지역,7,2017-07,031-310-3108,37.3421937,126.7472747,2017-01-01
경기도 시흥시청,,경기도 시흥시 신천동 683-8,시설물관리,1,200,360도 전방면,30,2017-06,031-310-6073,37.4357667,126.780131,2017-01-01
경기도 시흥시청,경기도 시흥시 시청로68번길 4,경기도 시흥시 장현동 541-1,생활방범,1,200,360도 전방면,30,2017-04,031-310-3702,37.3803012,126.8003589,2017-01-01
경기도 시흥시청,경기도 시흥시 신현로202번길 31,경기도 시흥시 포동 20-17,어린이보호,1,200,360도 전방면,30,2017-03,031-310-3702,37.4050518,126.7709153,2017-01-01
경기도 시흥시청,경기도 시흥시 군서로36번길 23,경기도 시흥시 정왕본동 1187-1,생활방범,1,200,360도 전방면,30,2017-04,031-310-3702,37.3471715,126.7492554,2017-01-01
경기도 시흥시청,경기도 시흥시 능곡로 78,경기도 시흥시 화정동 651-6,생활방범,3,200,360도 전방면,30,2017-03,031-310-3702,37.3614146,126.8159645,2017-01-01
경기도 시흥시청,경기도 시흥시 신천로7번길 30-1,경기도 시흥시 신천동  890-9,생활방범,3,200,360도 전방면,30,2017-10,031-310-3702,37.4306611,126.7915801,2017-01-01

